filename,class_name,num_objects
NUTS0062.png,nuts,1
FLOUR0096.png,flour,1
CAKE0140.png,cake,2
NUTS0148.png,nuts,1
MILK0036.png,milk,2
TEA0260.png,tea,2
CEREAL0189.png,cereal,1
JAM0107.png,jam,3
CANDY0326.png,candy,1
CHOCOLATE0070.png,chocolate,2
PASTA0023.png,pasta,1
FISH0090.png,fish,8
CAKE0149.png,cake,2
TOMATO_SAUCE0154.png,tomato_sauce,10
VINEGAR0007.png,vinegar,2
CEREAL0109.png,cereal,5
CAKE0104.png,cake,2
OIL0095.png,oil,2
FLOUR0069.png,flour,1
CANDY0339.png,candy,6
SUGAR0013.png,sugar,1
OIL0124.png,oil,4
CHIPS0075.png,chips,3
TEA0172.png,tea,2
COFFEE0065.png,coffee,1
JAM0018.png,jam,2
CEREAL0035.png,cereal,2
SUGAR0043.png,sugar,3
PASTA0105.png,pasta,2
NUTS0120.png,nuts,1
VINEGAR0008.png,vinegar,1
CHIPS0054.png,chips,2
CHOCOLATE0133.png,chocolate,3
NUTS0000.png,nuts,1
CORN0002.png,corn,4
CANDY0218.png,candy,3
CEREAL0078.png,cereal,2
OIL0122.png,oil,2
PASTA0133.png,pasta,2
COFFEE0147.png,coffee,2
MILK0043.png,milk,2
HONEY0000.png,honey,2
OIL0059.png,oil,3
CHOCOLATE0247.png,chocolate,2
PASTA0080.png,pasta,3
BEANS0084.png,beans,2
FISH0101.png,fish,3
NUTS0043.png,nuts,2
RICE0049.png,rice,1
CHOCOLATE0299.png,chocolate,1
BEANS0033.png,beans,2
CANDY0058.png,candy,1
JAM0152.png,jam,2
RICE0047.png,rice,3
TEA0263.png,tea,2
WATER0226.png,water,5
CAKE0005.png,cake,1
OIL0139.png,oil,2
CANDY0206.png,candy,1
JUICE0101.png,juice,2
TOMATO_SAUCE0003.png,tomato_sauce,1
CHIPS0090.png,chips,2
WATER0116.png,water,4
PASTA0021.png,pasta,1
JUICE0025.png,juice,4
SODA0153.png,soda,6
TEA0114.png,tea,2
CANDY0197.png,candy,3
CAKE0018.png,cake,1
SPICES0080.png,spices,3
JAM0003.png,jam,8
SODA0023.png,soda,3
SUGAR0019.png,sugar,1
SODA0145.png,soda,4
CHIPS0033.png,chips,3
SPICES0016.png,spices,3
COFFEE0126.png,coffee,3
CANDY0090.png,candy,1
FISH0057.png,fish,2
SPICES0085.png,spices,4
JUICE0211.png,juice,2
TEA0138.png,tea,3
SODA0058.png,soda,3
SUGAR0113.png,sugar,8
CANDY0029.png,candy,1
WATER0160.png,water,2
CORN0051.png,corn,3
CHOCOLATE0165.png,chocolate,3
CORN0046.png,corn,5
JUICE0083.png,juice,3
HONEY0156.png,honey,2
TEA0070.png,tea,1
JUICE0079.png,juice,3
PASTA0156.png,pasta,2
WATER0147.png,water,2
TOMATO_SAUCE0040.png,tomato_sauce,3
FLOUR0033.png,flour,1
JUICE0077.png,juice,2
WATER0145.png,water,2
NUTS0166.png,nuts,1
CEREAL0012.png,cereal,1
TOMATO_SAUCE0124.png,tomato_sauce,2
WATER0177.png,water,2
BEANS0017.png,beans,2
HONEY0184.png,honey,1
PASTA0052.png,pasta,4
SPICES0034.png,spices,4
COFFEE0283.png,coffee,1
CHIPS0045.png,chips,4
RICE0001.png,rice,3
MILK0118.png,milk,2
TOMATO_SAUCE0100.png,tomato_sauce,2
FISH0014.png,fish,3
SODA0161.png,soda,1
CANDY0292.png,candy,2
CEREAL0131.png,cereal,1
TOMATO_SAUCE0140.png,tomato_sauce,1
SUGAR0047.png,sugar,2
WATER0067.png,water,3
CHOCOLATE0067.png,chocolate,2
BEANS0079.png,beans,1
MILK0077.png,milk,1
SPICES0083.png,spices,2
WATER0022.png,water,2
RICE0090.png,rice,1
TEA0112.png,tea,3
FLOUR0005.png,flour,2
TEA0224.png,tea,1
WATER0122.png,water,3
JUICE0029.png,juice,1
CHOCOLATE0241.png,chocolate,1
RICE0015.png,rice,1
TOMATO_SAUCE0057.png,tomato_sauce,2
HONEY0089.png,honey,3
CHOCOLATE0267.png,chocolate,2
CHIPS0144.png,chips,2
RICE0147.png,rice,1
PASTA0112.png,pasta,2
MILK0115.png,milk,2
NUTS0072.png,nuts,3
OIL0028.png,oil,1
SUGAR0087.png,sugar,3
VINEGAR0139.png,vinegar,2
MILK0060.png,milk,2
JAM0068.png,jam,2
CEREAL0092.png,cereal,1
SPICES0098.png,spices,3
BEANS0027.png,beans,2
CANDY0119.png,candy,1
SPICES0147.png,spices,3
CANDY0356.png,candy,1
TOMATO_SAUCE0132.png,tomato_sauce,3
TOMATO_SAUCE0051.png,tomato_sauce,2
BEANS0130.png,beans,2
COFFEE0269.png,coffee,4
VINEGAR0146.png,vinegar,2
JAM0022.png,jam,5
SODA0050.png,soda,3
COFFEE0079.png,coffee,3
JUICE0107.png,juice,2
NUTS0122.png,nuts,2
CANDY0117.png,candy,1
WATER0248.png,water,2
CORN0078.png,corn,3
TOMATO_SAUCE0068.png,tomato_sauce,4
JUICE0259.png,juice,3
JAM0145.png,jam,7
HONEY0113.png,honey,2
TOMATO_SAUCE0038.png,tomato_sauce,2
VINEGAR0129.png,vinegar,2
CANDY0031.png,candy,1
HONEY0143.png,honey,2
JUICE0190.png,juice,4
FISH0026.png,fish,5
SPICES0018.png,spices,1
COFFEE0066.png,coffee,2
SODA0133.png,soda,3
CHOCOLATE0012.png,chocolate,2
VINEGAR0110.png,vinegar,1
MILK0096.png,milk,2
SUGAR0070.png,sugar,1
CEREAL0205.png,cereal,2
JUICE0139.png,juice,4
CHOCOLATE0199.png,chocolate,2
JAM0147.png,jam,4
CHOCOLATE0063.png,chocolate,2
CHOCOLATE0264.png,chocolate,3
HONEY0094.png,honey,2
MILK0092.png,milk,1
CHOCOLATE0275.png,chocolate,1
COFFEE0261.png,coffee,2
SODA0148.png,soda,2
RICE0012.png,rice,1
COFFEE0092.png,coffee,2
SUGAR0050.png,sugar,2
JAM0058.png,jam,8
CHOCOLATE0092.png,chocolate,5
OIL0017.png,oil,2
CHOCOLATE0022.png,chocolate,4
CAKE0122.png,cake,2
WATER0077.png,water,2
HONEY0134.png,honey,2
TEA0103.png,tea,1
SUGAR0014.png,sugar,2
CANDY0061.png,candy,2
TEA0145.png,tea,2
SUGAR0080.png,sugar,2
SUGAR0077.png,sugar,2
SODA0146.png,soda,3
TOMATO_SAUCE0035.png,tomato_sauce,1
CHOCOLATE0244.png,chocolate,4
HONEY0122.png,honey,1
OIL0033.png,oil,3
RICE0064.png,rice,2
CHIPS0086.png,chips,2
WATER0060.png,water,2
CEREAL0275.png,cereal,1
TEA0179.png,tea,1
WATER0013.png,water,4
JUICE0133.png,juice,2
JUICE0207.png,juice,2
JUICE0279.png,juice,2
JAM0024.png,jam,2
CEREAL0266.png,cereal,1
SUGAR0039.png,sugar,8
JUICE0287.png,juice,2
CEREAL0042.png,cereal,1
CANDY0074.png,candy,1
NUTS0152.png,nuts,1
NUTS0082.png,nuts,1
NUTS0001.png,nuts,1
SPICES0131.png,spices,4
CANDY0294.png,candy,2
CANDY0166.png,candy,1
COFFEE0043.png,coffee,2
SUGAR0084.png,sugar,2
CAKE0013.png,cake,2
FLOUR0100.png,flour,1
CAKE0002.png,cake,2
JUICE0039.png,juice,1
SUGAR0027.png,sugar,1
CANDY0059.png,candy,1
SPICES0065.png,spices,2
VINEGAR0131.png,vinegar,3
HONEY0111.png,honey,2
MILK0015.png,milk,3
CAKE0097.png,cake,1
JUICE0014.png,juice,1
FISH0059.png,fish,4
MILK0041.png,milk,3
JUICE0212.png,juice,3
TEA0235.png,tea,1
CHIPS0055.png,chips,5
CEREAL0138.png,cereal,1
CANDY0349.png,candy,1
CEREAL0161.png,cereal,1
COFFEE0070.png,coffee,2
SUGAR0114.png,sugar,5
OIL0085.png,oil,4
TOMATO_SAUCE0074.png,tomato_sauce,2
CHOCOLATE0002.png,chocolate,3
CEREAL0237.png,cereal,1
WATER0174.png,water,3
RICE0022.png,rice,4
SPICES0082.png,spices,5
CEREAL0049.png,cereal,2
HONEY0006.png,honey,1
CANDY0335.png,candy,1
CHIPS0070.png,chips,2
CORN0066.png,corn,2
MILK0151.png,milk,2
NUTS0053.png,nuts,1
SODA0115.png,soda,4
TOMATO_SAUCE0070.png,tomato_sauce,2
NUTS0088.png,nuts,1
SODA0047.png,soda,3
CORN0005.png,corn,8
CEREAL0230.png,cereal,1
TEA0240.png,tea,3
SODA0131.png,soda,3
SUGAR0038.png,sugar,5
CORN0004.png,corn,3
RICE0038.png,rice,4
CHOCOLATE0234.png,chocolate,3
VINEGAR0052.png,vinegar,2
OIL0084.png,oil,4
JUICE0103.png,juice,3
CHOCOLATE0265.png,chocolate,1
BEANS0031.png,beans,2
JAM0140.png,jam,2
BEANS0008.png,beans,2
TEA0133.png,tea,2
RICE0071.png,rice,2
MILK0124.png,milk,4
CANDY0174.png,candy,2
FISH0065.png,fish,4
CHOCOLATE0036.png,chocolate,1
SPICES0119.png,spices,9
WATER0231.png,water,4
TOMATO_SAUCE0060.png,tomato_sauce,2
CEREAL0050.png,cereal,2
CHOCOLATE0207.png,chocolate,2
PASTA0120.png,pasta,2
CHOCOLATE0107.png,chocolate,1
PASTA0002.png,pasta,1
TOMATO_SAUCE0114.png,tomato_sauce,3
CANDY0340.png,candy,7
NUTS0060.png,nuts,3
NUTS0121.png,nuts,1
JUICE0195.png,juice,4
CHIPS0093.png,chips,2
COFFEE0256.png,coffee,5
CANDY0257.png,candy,1
FLOUR0050.png,flour,1
MILK0138.png,milk,4
HONEY0043.png,honey,2
WATER0203.png,water,5
JAM0041.png,jam,6
HONEY0031.png,honey,3
TEA0135.png,tea,1
RICE0032.png,rice,3
TEA0157.png,tea,2
OIL0103.png,oil,2
FLOUR0102.png,flour,1
COFFEE0040.png,coffee,8
COFFEE0165.png,coffee,3
JAM0070.png,jam,2
BEANS0024.png,beans,3
CANDY0006.png,candy,2
CEREAL0151.png,cereal,2
BEANS0112.png,beans,1
JAM0120.png,jam,2
SPICES0047.png,spices,3
RICE0042.png,rice,3
TEA0236.png,tea,1
JUICE0102.png,juice,3
NUTS0112.png,nuts,1
WATER0009.png,water,1
WATER0232.png,water,6
HONEY0126.png,honey,2
NUTS0125.png,nuts,1
HONEY0107.png,honey,1
CHOCOLATE0025.png,chocolate,1
OIL0096.png,oil,4
FISH0066.png,fish,4
CEREAL0221.png,cereal,1
COFFEE0113.png,coffee,3
SODA0119.png,soda,1
JUICE0194.png,juice,3
CANDY0051.png,candy,1
COFFEE0214.png,coffee,1
CHOCOLATE0118.png,chocolate,1
RICE0083.png,rice,2
HONEY0152.png,honey,2
NUTS0047.png,nuts,2
CHOCOLATE0174.png,chocolate,2
CEREAL0115.png,cereal,3
CHOCOLATE0030.png,chocolate,1
CHIPS0074.png,chips,2
CHIPS0092.png,chips,2
SUGAR0009.png,sugar,2
SPICES0122.png,spices,3
CHIPS0165.png,chips,2
SPICES0104.png,spices,3
SODA0037.png,soda,4
COFFEE0117.png,coffee,3
SODA0027.png,soda,6
CEREAL0261.png,cereal,1
JAM0191.png,jam,3
BEANS0039.png,beans,2
JUICE0006.png,juice,3
HONEY0007.png,honey,2
CHIPS0057.png,chips,4
TOMATO_SAUCE0056.png,tomato_sauce,2
TOMATO_SAUCE0088.png,tomato_sauce,2
WATER0074.png,water,2
CHOCOLATE0134.png,chocolate,4
COFFEE0162.png,coffee,4
CORN0065.png,corn,4
COFFEE0133.png,coffee,2
SODA0069.png,soda,3
HONEY0026.png,honey,2
VINEGAR0023.png,vinegar,2
CORN0061.png,corn,3
CANDY0056.png,candy,1
SODA0084.png,soda,6
CHIPS0078.png,chips,1
FLOUR0078.png,flour,3
JAM0232.png,jam,4
CHIPS0167.png,chips,1
MILK0150.png,milk,2
CORN0095.png,corn,2
CANDY0181.png,candy,2
TEA0192.png,tea,2
CHOCOLATE0274.png,chocolate,2
CHOCOLATE0128.png,chocolate,3
NUTS0090.png,nuts,1
CHOCOLATE0082.png,chocolate,6
CAKE0032.png,cake,1
SODA0128.png,soda,4
OIL0073.png,oil,2
CHOCOLATE0040.png,chocolate,2
SUGAR0067.png,sugar,4
HONEY0164.png,honey,3
VINEGAR0144.png,vinegar,4
CANDY0277.png,candy,1
CHOCOLATE0009.png,chocolate,2
SPICES0097.png,spices,3
TEA0063.png,tea,1
CHIPS0027.png,chips,2
TOMATO_SAUCE0062.png,tomato_sauce,2
CHOCOLATE0252.png,chocolate,6
VINEGAR0122.png,vinegar,1
CHIPS0136.png,chips,1
BEANS0016.png,beans,2
CHIPS0038.png,chips,2
CHOCOLATE0021.png,chocolate,10
TOMATO_SAUCE0167.png,tomato_sauce,2
WATER0193.png,water,2
CEREAL0179.png,cereal,2
NUTS0005.png,nuts,2
OIL0082.png,oil,2
CANDY0204.png,candy,1
CORN0075.png,corn,4
BEANS0005.png,beans,1
CHOCOLATE0171.png,chocolate,1
TEA0000.png,tea,3
SODA0174.png,soda,3
BEANS0061.png,beans,2
CAKE0021.png,cake,2
FISH0019.png,fish,1
CHOCOLATE0005.png,chocolate,1
CHOCOLATE0240.png,chocolate,1
MILK0136.png,milk,4
CEREAL0262.png,cereal,1
NUTS0138.png,nuts,3
JAM0106.png,jam,4
NUTS0015.png,nuts,1
SODA0094.png,soda,5
HONEY0056.png,honey,1
NUTS0013.png,nuts,4
WATER0236.png,water,4
SODA0077.png,soda,3
PASTA0157.png,pasta,2
CAKE0046.png,cake,2
CAKE0060.png,cake,2
OIL0041.png,oil,3
WATER0141.png,water,8
BEANS0111.png,beans,1
FISH0071.png,fish,1
FISH0053.png,fish,1
COFFEE0240.png,coffee,3
HONEY0013.png,honey,2
CHOCOLATE0113.png,chocolate,3
JUICE0300.png,juice,2
CHIPS0071.png,chips,1
NUTS0063.png,nuts,1
OIL0078.png,oil,4
COFFEE0008.png,coffee,2
CAKE0067.png,cake,1
CHOCOLATE0006.png,chocolate,5
CAKE0118.png,cake,2
CAKE0050.png,cake,1
COFFEE0286.png,coffee,2
BEANS0054.png,beans,2
CEREAL0079.png,cereal,2
TOMATO_SAUCE0080.png,tomato_sauce,4
VINEGAR0029.png,vinegar,3
CHIPS0148.png,chips,2
TOMATO_SAUCE0030.png,tomato_sauce,1
CHIPS0100.png,chips,6
CEREAL0044.png,cereal,3
TEA0213.png,tea,1
CEREAL0199.png,cereal,1
WATER0064.png,water,8
COFFEE0188.png,coffee,1
COFFEE0114.png,coffee,2
JAM0146.png,jam,5
CANDY0131.png,candy,2
CAKE0030.png,cake,2
NUTS0038.png,nuts,2
HONEY0137.png,honey,1
CAKE0098.png,cake,1
JAM0240.png,jam,1
COFFEE0063.png,coffee,1
JAM0046.png,jam,1
PASTA0060.png,pasta,3
PASTA0093.png,pasta,2
RICE0127.png,rice,2
NUTS0102.png,nuts,1
CHOCOLATE0066.png,chocolate,1
COFFEE0212.png,coffee,6
JUICE0297.png,juice,2
SODA0086.png,soda,2
CHOCOLATE0112.png,chocolate,1
JUICE0152.png,juice,3
WATER0239.png,water,2
JUICE0289.png,juice,2
TEA0088.png,tea,3
CHOCOLATE0011.png,chocolate,2
CHIPS0154.png,chips,2
RICE0019.png,rice,2
JUICE0053.png,juice,3
TOMATO_SAUCE0111.png,tomato_sauce,1
CEREAL0021.png,cereal,2
TEA0152.png,tea,2
VINEGAR0127.png,vinegar,2
CORN0027.png,corn,3
CAKE0145.png,cake,1
VINEGAR0050.png,vinegar,3
JAM0206.png,jam,3
MILK0153.png,milk,2
FLOUR0058.png,flour,2
BEANS0105.png,beans,3
MILK0067.png,milk,3
TEA0277.png,tea,2
MILK0147.png,milk,2
FISH0067.png,fish,3
CEREAL0190.png,cereal,2
WATER0109.png,water,3
NUTS0141.png,nuts,1
JAM0011.png,jam,3
NUTS0049.png,nuts,1
COFFEE0257.png,coffee,2
TEA0079.png,tea,2
JUICE0261.png,juice,2
PASTA0161.png,pasta,1
PASTA0163.png,pasta,2
JAM0039.png,jam,2
RICE0037.png,rice,5
JUICE0058.png,juice,5
NUTS0160.png,nuts,1
CANDY0022.png,candy,1
JUICE0099.png,juice,2
CHOCOLATE0058.png,chocolate,1
JAM0222.png,jam,2
SUGAR0071.png,sugar,1
MILK0014.png,milk,3
JUICE0235.png,juice,3
NUTS0150.png,nuts,1
HONEY0015.png,honey,3
CEREAL0249.png,cereal,1
CANDY0242.png,candy,1
CHOCOLATE0122.png,chocolate,2
MILK0086.png,milk,1
CORN0081.png,corn,1
WATER0131.png,water,3
CAKE0112.png,cake,2
JUICE0180.png,juice,4
CORN0072.png,corn,3
COFFEE0193.png,coffee,3
FLOUR0034.png,flour,4
NUTS0070.png,nuts,6
SODA0109.png,soda,3
CANDY0205.png,candy,1
CORN0034.png,corn,2
CANDY0275.png,candy,1
CHOCOLATE0152.png,chocolate,2
WATER0139.png,water,1
OIL0042.png,oil,3
NUTS0117.png,nuts,1
TEA0183.png,tea,1
SPICES0029.png,spices,3
JUICE0217.png,juice,2
SPICES0040.png,spices,3
JUICE0131.png,juice,3
JAM0089.png,jam,3
CANDY0084.png,candy,1
SUGAR0103.png,sugar,3
WATER0138.png,water,1
FLOUR0076.png,flour,3
NUTS0027.png,nuts,1
SPICES0008.png,spices,2
TOMATO_SAUCE0004.png,tomato_sauce,2
CANDY0241.png,candy,1
CHOCOLATE0034.png,chocolate,2
CEREAL0017.png,cereal,3
CANDY0310.png,candy,2
SODA0124.png,soda,4
CHOCOLATE0052.png,chocolate,1
JUICE0114.png,juice,3
TEA0202.png,tea,2
JUICE0065.png,juice,4
CEREAL0169.png,cereal,1
RICE0051.png,rice,1
CHOCOLATE0225.png,chocolate,1
SPICES0024.png,spices,2
CAKE0121.png,cake,2
TOMATO_SAUCE0107.png,tomato_sauce,3
TEA0066.png,tea,2
FLOUR0057.png,flour,2
HONEY0066.png,honey,1
BEANS0091.png,beans,2
JUICE0153.png,juice,4
SPICES0154.png,spices,4
PASTA0091.png,pasta,2
CEREAL0073.png,cereal,2
TOMATO_SAUCE0076.png,tomato_sauce,1
NUTS0105.png,nuts,2
NUTS0153.png,nuts,1
SODA0014.png,soda,1
SPICES0163.png,spices,4
WATER0055.png,water,4
FISH0045.png,fish,5
SUGAR0073.png,sugar,2
CANDY0370.png,candy,3
PASTA0151.png,pasta,3
FLOUR0055.png,flour,1
OIL0129.png,oil,3
COFFEE0278.png,coffee,3
JUICE0177.png,juice,4
HONEY0179.png,honey,1
JUICE0161.png,juice,3
PASTA0121.png,pasta,4
NUTS0127.png,nuts,1
VINEGAR0069.png,vinegar,1
TEA0141.png,tea,1
HONEY0057.png,honey,2
CANDY0363.png,candy,1
SODA0029.png,soda,3
CHOCOLATE0047.png,chocolate,2
WATER0094.png,water,2
BEANS0019.png,beans,2
BEANS0058.png,beans,2
COFFEE0275.png,coffee,2
CANDY0135.png,candy,2
COFFEE0292.png,coffee,1
CORN0080.png,corn,2
JUICE0240.png,juice,2
TEA0174.png,tea,3
HONEY0096.png,honey,2
CHIPS0020.png,chips,2
VINEGAR0082.png,vinegar,3
WATER0165.png,water,2
TOMATO_SAUCE0143.png,tomato_sauce,3
JAM0182.png,jam,7
JUICE0184.png,juice,3
PASTA0168.png,pasta,2
TOMATO_SAUCE0085.png,tomato_sauce,2
SPICES0036.png,spices,4
SUGAR0091.png,sugar,1
FISH0002.png,fish,1
SPICES0025.png,spices,2
JAM0083.png,jam,4
CEREAL0240.png,cereal,1
HONEY0003.png,honey,1
FLOUR0098.png,flour,2
CORN0067.png,corn,4
TOMATO_SAUCE0095.png,tomato_sauce,2
HONEY0114.png,honey,1
CEREAL0251.png,cereal,1
FISH0008.png,fish,1
OIL0097.png,oil,2
MILK0114.png,milk,2
CHOCOLATE0192.png,chocolate,3
SUGAR0090.png,sugar,1
SODA0049.png,soda,2
TOMATO_SAUCE0152.png,tomato_sauce,3
CORN0089.png,corn,2
JUICE0134.png,juice,4
COFFEE0159.png,coffee,1
COFFEE0243.png,coffee,2
RICE0102.png,rice,1
COFFEE0296.png,coffee,1
JAM0184.png,jam,2
MILK0109.png,milk,2
NUTS0065.png,nuts,1
SPICES0079.png,spices,3
COFFEE0081.png,coffee,1
VINEGAR0091.png,vinegar,4
SPICES0125.png,spices,3
RICE0011.png,rice,1
CANDY0322.png,candy,1
COFFEE0174.png,coffee,2
CANDY0323.png,candy,1
CHOCOLATE0156.png,chocolate,2
TEA0087.png,tea,3
CANDY0060.png,candy,1
COFFEE0135.png,coffee,3
JAM0211.png,jam,5
TEA0110.png,tea,2
CORN0091.png,corn,2
HONEY0115.png,honey,2
VINEGAR0070.png,vinegar,4
TOMATO_SAUCE0069.png,tomato_sauce,2
JUICE0159.png,juice,4
CHOCOLATE0141.png,chocolate,2
COFFEE0089.png,coffee,6
CEREAL0130.png,cereal,1
VINEGAR0054.png,vinegar,3
CHOCOLATE0085.png,chocolate,2
SODA0096.png,soda,5
TEA0164.png,tea,4
FISH0085.png,fish,6
WATER0001.png,water,2
TEA0036.png,tea,2
MILK0047.png,milk,1
CHOCOLATE0130.png,chocolate,1
COFFEE0090.png,coffee,2
NUTS0035.png,nuts,1
FISH0028.png,fish,2
SPICES0206.png,spices,2
JUICE0164.png,juice,4
RICE0056.png,rice,2
SUGAR0110.png,sugar,1
FLOUR0064.png,flour,1
CHIPS0140.png,chips,1
RICE0142.png,rice,2
JUICE0036.png,juice,1
CAKE0040.png,cake,2
MILK0123.png,milk,3
FISH0060.png,fish,1
BEANS0012.png,beans,2
JAM0063.png,jam,7
HONEY0144.png,honey,1
FISH0003.png,fish,1
JUICE0117.png,juice,3
CHOCOLATE0260.png,chocolate,2
NUTS0126.png,nuts,4
COFFEE0137.png,coffee,3
SUGAR0115.png,sugar,1
BEANS0110.png,beans,2
CHIPS0145.png,chips,2
CANDY0341.png,candy,3
SPICES0127.png,spices,1
TEA0238.png,tea,1
PASTA0043.png,pasta,3
CAKE0151.png,cake,2
MILK0045.png,milk,2
CHOCOLATE0144.png,chocolate,2
PASTA0032.png,pasta,2
RICE0070.png,rice,1
CEREAL0220.png,cereal,2
JAM0158.png,jam,3
CANDY0244.png,candy,3
CEREAL0070.png,cereal,2
SPICES0103.png,spices,3
CHOCOLATE0297.png,chocolate,1
CANDY0178.png,candy,1
COFFEE0254.png,coffee,3
WATER0120.png,water,4
CANDY0196.png,candy,3
SODA0104.png,soda,3
CHIPS0169.png,chips,1
CANDY0041.png,candy,1
OIL0024.png,oil,1
SODA0013.png,soda,1
VINEGAR0026.png,vinegar,2
CHOCOLATE0278.png,chocolate,1
CEREAL0101.png,cereal,2
TEA0186.png,tea,2
HONEY0017.png,honey,1
HONEY0049.png,honey,2
CORN0007.png,corn,2
FLOUR0095.png,flour,1
OIL0023.png,oil,1
CHOCOLATE0185.png,chocolate,3
SODA0038.png,soda,4
MILK0078.png,milk,1
CEREAL0217.png,cereal,2
COFFEE0058.png,coffee,1
MILK0032.png,milk,3
CHIPS0073.png,chips,1
OIL0107.png,oil,1
PASTA0064.png,pasta,3
SODA0149.png,soda,4
JUICE0033.png,juice,4
CHOCOLATE0158.png,chocolate,2
SODA0006.png,soda,2
CHOCOLATE0159.png,chocolate,2
TEA0159.png,tea,5
MILK0120.png,milk,2
TOMATO_SAUCE0130.png,tomato_sauce,5
COFFEE0078.png,coffee,2
CEREAL0095.png,cereal,1
WATER0065.png,water,6
PASTA0085.png,pasta,2
SPICES0145.png,spices,2
JAM0020.png,jam,4
MILK0135.png,milk,2
CHIPS0035.png,chips,2
JUICE0084.png,juice,4
WATER0099.png,water,3
COFFEE0279.png,coffee,2
HONEY0068.png,honey,1
SODA0137.png,soda,2
CHIPS0104.png,chips,3
WATER0033.png,water,2
CEREAL0033.png,cereal,1
OIL0113.png,oil,3
CEREAL0139.png,cereal,2
CEREAL0187.png,cereal,2
FLOUR0023.png,flour,1
COFFEE0177.png,coffee,3
COFFEE0102.png,coffee,1
FLOUR0016.png,flour,1
JAM0154.png,jam,3
CANDY0261.png,candy,2
COFFEE0236.png,coffee,3
CHOCOLATE0235.png,chocolate,1
COFFEE0125.png,coffee,2
CAKE0039.png,cake,1
HONEY0157.png,honey,1
TEA0116.png,tea,1
CHOCOLATE0072.png,chocolate,6
TOMATO_SAUCE0081.png,tomato_sauce,2
TOMATO_SAUCE0116.png,tomato_sauce,2
CEREAL0164.png,cereal,1
CANDY0079.png,candy,2
TEA0231.png,tea,1
TOMATO_SAUCE0106.png,tomato_sauce,2
TOMATO_SAUCE0156.png,tomato_sauce,6
COFFEE0251.png,coffee,4
CHOCOLATE0282.png,chocolate,1
COFFEE0061.png,coffee,2
CEREAL0019.png,cereal,1
TEA0009.png,tea,2
CHIPS0040.png,chips,2
JAM0210.png,jam,2
JUICE0008.png,juice,6
SPICES0152.png,spices,4
JUICE0160.png,juice,5
SODA0105.png,soda,2
CEREAL0014.png,cereal,2
CANDY0337.png,candy,1
JAM0005.png,jam,5
WATER0002.png,water,2
MILK0091.png,milk,1
NUTS0080.png,nuts,1
CANDY0286.png,candy,2
COFFEE0171.png,coffee,2
CANDY0281.png,candy,1
CANDY0203.png,candy,1
CANDY0308.png,candy,2
CAKE0038.png,cake,2
CANDY0172.png,candy,1
RICE0066.png,rice,2
COFFEE0049.png,coffee,3
SUGAR0022.png,sugar,4
CEREAL0047.png,cereal,2
COFFEE0164.png,coffee,2
CHIPS0158.png,chips,3
CANDY0184.png,candy,2
CORN0003.png,corn,3
CAKE0124.png,cake,2
SPICES0089.png,spices,3
SPICES0177.png,spices,4
TOMATO_SAUCE0029.png,tomato_sauce,1
FISH0025.png,fish,3
FISH0094.png,fish,3
VINEGAR0113.png,vinegar,3
JUICE0271.png,juice,2
CHIPS0123.png,chips,2
TEA0030.png,tea,1
PASTA0070.png,pasta,5
TEA0257.png,tea,1
CAKE0031.png,cake,1
HONEY0104.png,honey,3
BEANS0127.png,beans,1
JUICE0175.png,juice,3
CORN0011.png,corn,4
TEA0258.png,tea,2
PASTA0118.png,pasta,5
VINEGAR0092.png,vinegar,3
FISH0096.png,fish,3
PASTA0098.png,pasta,3
VINEGAR0088.png,vinegar,2
CANDY0347.png,candy,1
FLOUR0006.png,flour,4
OIL0106.png,oil,3
JAM0117.png,jam,3
OIL0080.png,oil,4
RICE0103.png,rice,1
CANDY0082.png,candy,1
CEREAL0037.png,cereal,1
CAKE0116.png,cake,2
FLOUR0040.png,flour,1
MILK0132.png,milk,2
WATER0052.png,water,3
SPICES0060.png,spices,2
NUTS0157.png,nuts,1
SPICES0096.png,spices,3
COFFEE0128.png,coffee,2
PASTA0139.png,pasta,2
CEREAL0125.png,cereal,2
SUGAR0006.png,sugar,1
VINEGAR0011.png,vinegar,3
BEANS0064.png,beans,2
JUICE0012.png,juice,3
TOMATO_SAUCE0020.png,tomato_sauce,2
CAKE0154.png,cake,2
CAKE0052.png,cake,2
FLOUR0089.png,flour,1
WATER0224.png,water,2
HONEY0103.png,honey,3
RICE0081.png,rice,3
JUICE0056.png,juice,4
TEA0198.png,tea,2
FISH0040.png,fish,2
COFFEE0088.png,coffee,4
BEANS0077.png,beans,2
SUGAR0078.png,sugar,2
SPICES0179.png,spices,3
FISH0070.png,fish,2
SPICES0168.png,spices,3
CANDY0248.png,candy,1
CORN0088.png,corn,2
FLOUR0015.png,flour,1
CANDY0202.png,candy,1
CORN0048.png,corn,2
RICE0055.png,rice,1
SPICES0150.png,spices,4
VINEGAR0037.png,vinegar,4
NUTS0098.png,nuts,4
HONEY0181.png,honey,1
PASTA0128.png,pasta,2
MILK0129.png,milk,2
WATER0254.png,water,2
CEREAL0119.png,cereal,1
CORN0022.png,corn,2
PASTA0086.png,pasta,2
BEANS0048.png,beans,2
SPICES0156.png,spices,2
CEREAL0136.png,cereal,2
BEANS0120.png,beans,2
VINEGAR0130.png,vinegar,2
TEA0244.png,tea,2
CHOCOLATE0080.png,chocolate,2
TEA0272.png,tea,4
BEANS0108.png,beans,2
COFFEE0204.png,coffee,3
JUICE0113.png,juice,3
OIL0114.png,oil,4
NUTS0021.png,nuts,1
BEANS0060.png,beans,3
VINEGAR0104.png,vinegar,3
TEA0205.png,tea,1
SUGAR0036.png,sugar,1
RICE0003.png,rice,1
MILK0110.png,milk,2
MILK0144.png,milk,4
VINEGAR0147.png,vinegar,2
FLOUR0077.png,flour,1
JUICE0123.png,juice,2
SPICES0004.png,spices,5
CANDY0070.png,candy,1
JAM0073.png,jam,6
JAM0036.png,jam,6
WATER0137.png,water,3
COFFEE0280.png,coffee,2
JUICE0277.png,juice,1
JAM0212.png,jam,6
SPICES0033.png,spices,4
COFFEE0242.png,coffee,4
NUTS0037.png,nuts,1
TOMATO_SAUCE0150.png,tomato_sauce,1
SODA0046.png,soda,4
VINEGAR0024.png,vinegar,4
JUICE0165.png,juice,3
CANDY0149.png,candy,3
CAKE0134.png,cake,2
CHOCOLATE0253.png,chocolate,2
SODA0079.png,soda,3
COFFEE0217.png,coffee,1
MILK0042.png,milk,2
NUTS0078.png,nuts,1
SPICES0042.png,spices,2
PASTA0006.png,pasta,2
FISH0005.png,fish,1
CEREAL0274.png,cereal,1
MILK0130.png,milk,3
CEREAL0201.png,cereal,1
CAKE0113.png,cake,3
COFFEE0221.png,coffee,1
SPICES0130.png,spices,2
COFFEE0052.png,coffee,2
NUTS0140.png,nuts,1
COFFEE0220.png,coffee,6
JAM0185.png,jam,3
CHOCOLATE0173.png,chocolate,4
CANDY0027.png,candy,1
CANDY0314.png,candy,1
COFFEE0076.png,coffee,2
SODA0007.png,soda,3
SPICES0038.png,spices,2
CANDY0198.png,candy,4
FLOUR0105.png,flour,1
FISH0016.png,fish,1
SUGAR0011.png,sugar,6
HONEY0160.png,honey,2
BEANS0038.png,beans,2
CORN0012.png,corn,6
CHOCOLATE0276.png,chocolate,1
CORN0096.png,corn,1
WATER0031.png,water,3
SPICES0106.png,spices,3
PASTA0165.png,pasta,2
CHIPS0028.png,chips,1
JUICE0173.png,juice,2
CEREAL0054.png,cereal,2
COFFEE0039.png,coffee,3
CHIPS0156.png,chips,2
TEA0119.png,tea,4
NUTS0019.png,nuts,2
VINEGAR0033.png,vinegar,4
CHIPS0085.png,chips,1
WATER0082.png,water,4
TEA0094.png,tea,2
SPICES0071.png,spices,3
CEREAL0099.png,cereal,1
CHIPS0110.png,chips,3
NUTS0028.png,nuts,1
JUICE0040.png,juice,3
NUTS0048.png,nuts,1
CEREAL0209.png,cereal,1
SODA0090.png,soda,4
CHIPS0105.png,chips,2
CANDY0338.png,candy,1
CHIPS0080.png,chips,2
CANDY0106.png,candy,2
PASTA0134.png,pasta,1
RICE0025.png,rice,3
NUTS0024.png,nuts,1
CHOCOLATE0284.png,chocolate,1
HONEY0161.png,honey,1
CEREAL0132.png,cereal,2
SUGAR0099.png,sugar,2
CANDY0254.png,candy,1
CEREAL0226.png,cereal,4
CHOCOLATE0239.png,chocolate,1
JAM0239.png,jam,1
VINEGAR0128.png,vinegar,2
CANDY0274.png,candy,1
CANDY0019.png,candy,1
SODA0091.png,soda,5
JAM0013.png,jam,1
MILK0072.png,milk,2
CEREAL0178.png,cereal,2
CAKE0092.png,cake,2
TOMATO_SAUCE0043.png,tomato_sauce,3
OIL0115.png,oil,4
PASTA0127.png,pasta,3
HONEY0023.png,honey,3
HONEY0106.png,honey,2
CANDY0179.png,candy,2
WATER0211.png,water,1
CAKE0019.png,cake,1
WATER0007.png,water,2
WATER0015.png,water,1
SUGAR0112.png,sugar,2
SPICES0067.png,spices,3
SODA0009.png,soda,2
SPICES0186.png,spices,3
TOMATO_SAUCE0033.png,tomato_sauce,2
TOMATO_SAUCE0001.png,tomato_sauce,3
JUICE0283.png,juice,3
CANDY0080.png,candy,2
JAM0079.png,jam,3
TOMATO_SAUCE0170.png,tomato_sauce,4
SUGAR0076.png,sugar,2
SPICES0118.png,spices,3
CANDY0035.png,candy,1
COFFEE0136.png,coffee,2
JUICE0290.png,juice,1
COFFEE0016.png,coffee,2
BEANS0095.png,beans,4
FLOUR0008.png,flour,3
PASTA0144.png,pasta,1
CANDY0132.png,candy,1
COFFEE0069.png,coffee,2
JUICE0176.png,juice,3
CHIPS0109.png,chips,2
RICE0077.png,rice,3
CORN0021.png,corn,3
CANDY0088.png,candy,2
WATER0093.png,water,1
CHIPS0106.png,chips,2
WATER0216.png,water,3
WATER0142.png,water,2
CHIPS0152.png,chips,2
JAM0100.png,jam,4
CANDY0223.png,candy,3
CANDY0324.png,candy,1
WATER0079.png,water,3
JAM0102.png,jam,3
JUICE0187.png,juice,4
JUICE0301.png,juice,2
SPICES0022.png,spices,1
CEREAL0122.png,cereal,2
COFFEE0109.png,coffee,5
FISH0063.png,fish,3
CHOCOLATE0081.png,chocolate,1
PASTA0083.png,pasta,2
JAM0175.png,jam,3
JAM0131.png,jam,3
VINEGAR0061.png,vinegar,3
SPICES0054.png,spices,1
WATER0217.png,water,2
VINEGAR0142.png,vinegar,2
TEA0026.png,tea,4
SUGAR0000.png,sugar,1
RICE0018.png,rice,1
COFFEE0011.png,coffee,1
FLOUR0081.png,flour,1
CANDY0177.png,candy,1
CANDY0039.png,candy,2
HONEY0078.png,honey,2
JUICE0229.png,juice,3
HONEY0016.png,honey,2
COFFEE0259.png,coffee,2
SUGAR0068.png,sugar,2
CANDY0130.png,candy,2
WATER0146.png,water,1
SPICES0055.png,spices,3
SPICES0199.png,spices,4
WATER0229.png,water,2
TEA0175.png,tea,2
TOMATO_SAUCE0133.png,tomato_sauce,2
WATER0244.png,water,2
TOMATO_SAUCE0008.png,tomato_sauce,2
WATER0076.png,water,2
COFFEE0270.png,coffee,1
JAM0216.png,jam,3
CAKE0101.png,cake,2
CAKE0105.png,cake,2
WATER0045.png,water,2
TOMATO_SAUCE0158.png,tomato_sauce,2
BEANS0073.png,beans,2
SODA0055.png,soda,3
FISH0006.png,fish,6
JUICE0089.png,juice,2
CORN0036.png,corn,6
HONEY0139.png,honey,2
CANDY0043.png,candy,2
JAM0194.png,jam,6
TEA0232.png,tea,1
CAKE0074.png,cake,2
WATER0127.png,water,4
CANDY0064.png,candy,3
COFFEE0208.png,coffee,2
CAKE0064.png,cake,2
CHOCOLATE0105.png,chocolate,3
CAKE0090.png,cake,3
CANDY0104.png,candy,1
FISH0102.png,fish,2
HONEY0172.png,honey,3
WATER0212.png,water,2
CEREAL0214.png,cereal,2
CANDY0224.png,candy,5
CANDY0052.png,candy,1
CHOCOLATE0098.png,chocolate,2
SPICES0100.png,spices,4
JAM0132.png,jam,4
COFFEE0196.png,coffee,4
TOMATO_SAUCE0091.png,tomato_sauce,2
JUICE0074.png,juice,2
FLOUR0052.png,flour,1
JUICE0288.png,juice,1
CHOCOLATE0008.png,chocolate,2
JUICE0115.png,juice,3
SPICES0123.png,spices,2
SUGAR0094.png,sugar,2
TEA0035.png,tea,1
SODA0166.png,soda,1
JUICE0080.png,juice,2
CHOCOLATE0010.png,chocolate,2
JUICE0215.png,juice,2
JAM0074.png,jam,5
JAM0162.png,jam,3
VINEGAR0134.png,vinegar,2
CHOCOLATE0095.png,chocolate,8
CHIPS0042.png,chips,2
NUTS0144.png,nuts,1
FLOUR0068.png,flour,1
PASTA0159.png,pasta,1
CANDY0081.png,candy,3
WATER0083.png,water,4
MILK0098.png,milk,1
JAM0164.png,jam,2
PASTA0027.png,pasta,1
OIL0137.png,oil,2
HONEY0040.png,honey,3
NUTS0044.png,nuts,1
SUGAR0075.png,sugar,2
COFFEE0154.png,coffee,1
BEANS0036.png,beans,2
CORN0064.png,corn,2
OIL0135.png,oil,2
SPICES0090.png,spices,3
JAM0165.png,jam,5
CAKE0080.png,cake,2
CAKE0106.png,cake,2
COFFEE0073.png,coffee,3
WATER0132.png,water,2
HONEY0058.png,honey,2
WATER0119.png,water,3
SUGAR0083.png,sugar,2
SUGAR0044.png,sugar,2
RICE0027.png,rice,3
SODA0143.png,soda,2
CEREAL0229.png,cereal,1
VINEGAR0151.png,vinegar,2
SPICES0001.png,spices,12
JAM0127.png,jam,4
FISH0049.png,fish,13
FLOUR0054.png,flour,2
CHOCOLATE0285.png,chocolate,1
VINEGAR0071.png,vinegar,4
MILK0104.png,milk,1
VINEGAR0043.png,vinegar,2
HONEY0051.png,honey,2
CEREAL0102.png,cereal,2
SPICES0028.png,spices,2
CANDY0046.png,candy,2
JUICE0032.png,juice,1
CANDY0110.png,candy,2
CANDY0107.png,candy,1
VINEGAR0120.png,vinegar,2
SODA0010.png,soda,1
JUICE0264.png,juice,2
CANDY0201.png,candy,1
JUICE0197.png,juice,3
VINEGAR0049.png,vinegar,1
VINEGAR0021.png,vinegar,4
CEREAL0175.png,cereal,2
COFFEE0172.png,coffee,4
CHOCOLATE0142.png,chocolate,2
COFFEE0111.png,coffee,4
FLOUR0032.png,flour,2
COFFEE0000.png,coffee,3
TEA0055.png,tea,2
CEREAL0052.png,cereal,1
CANDY0213.png,candy,2
OIL0061.png,oil,3
RICE0094.png,rice,1
TOMATO_SAUCE0042.png,tomato_sauce,2
CHOCOLATE0111.png,chocolate,2
CEREAL0247.png,cereal,1
VINEGAR0116.png,vinegar,2
JUICE0055.png,juice,4
CEREAL0051.png,cereal,1
WATER0235.png,water,2
SUGAR0117.png,sugar,2
CHOCOLATE0166.png,chocolate,2
BEANS0003.png,beans,5
NUTS0167.png,nuts,1
JAM0028.png,jam,2
CORN0053.png,corn,1
MILK0158.png,milk,1
TOMATO_SAUCE0101.png,tomato_sauce,2
CANDY0054.png,candy,1
BEANS0133.png,beans,1
JUICE0001.png,juice,2
CANDY0328.png,candy,1
JAM0094.png,jam,5
WATER0159.png,water,2
CAKE0082.png,cake,2
SODA0155.png,soda,6
RICE0138.png,rice,2
MILK0031.png,milk,1
TEA0210.png,tea,1
JUICE0294.png,juice,2
BEANS0034.png,beans,2
COFFEE0284.png,coffee,2
BEANS0047.png,beans,2
CHOCOLATE0236.png,chocolate,1
NUTS0093.png,nuts,1
TEA0193.png,tea,2
SPICES0112.png,spices,3
CEREAL0063.png,cereal,2
SUGAR0004.png,sugar,2
HONEY0141.png,honey,2
CEREAL0105.png,cereal,2
SODA0066.png,soda,3
CANDY0007.png,candy,2
SUGAR0102.png,sugar,2
CAKE0088.png,cake,1
BEANS0015.png,beans,3
CHOCOLATE0270.png,chocolate,1
HONEY0039.png,honey,2
BEANS0131.png,beans,4
MILK0161.png,milk,1
FISH0038.png,fish,3
OIL0034.png,oil,2
JUICE0125.png,juice,4
CANDY0342.png,candy,2
SUGAR0008.png,sugar,5
CANDY0111.png,candy,2
HONEY0127.png,honey,1
JUICE0255.png,juice,3
SPICES0066.png,spices,4
OIL0069.png,oil,3
BEANS0053.png,beans,2
CAKE0087.png,cake,2
SODA0125.png,soda,3
CANDY0320.png,candy,2
CANDY0216.png,candy,1
CANDY0215.png,candy,3
BEANS0104.png,beans,2
CHOCOLATE0218.png,chocolate,2
COFFEE0085.png,coffee,1
JAM0218.png,jam,4
CAKE0063.png,cake,3
TEA0028.png,tea,1
TEA0161.png,tea,1
CAKE0022.png,cake,1
CAKE0144.png,cake,2
CHOCOLATE0053.png,chocolate,3
SPICES0126.png,spices,3
TEA0131.png,tea,1
MILK0008.png,milk,2
SPICES0195.png,spices,2
TOMATO_SAUCE0002.png,tomato_sauce,1
CANDY0143.png,candy,4
TEA0072.png,tea,2
JUICE0286.png,juice,1
NUTS0151.png,nuts,1
FLOUR0104.png,flour,1
COFFEE0190.png,coffee,1
CEREAL0203.png,cereal,1
SPICES0010.png,spices,3
TEA0155.png,tea,2
TEA0227.png,tea,1
TEA0012.png,tea,2
VINEGAR0119.png,vinegar,2
CEREAL0246.png,cereal,1
CHOCOLATE0091.png,chocolate,2
CANDY0047.png,candy,1
CANDY0325.png,candy,1
CEREAL0080.png,cereal,2
FLOUR0061.png,flour,2
CEREAL0156.png,cereal,1
MILK0111.png,milk,3
VINEGAR0101.png,vinegar,4
TEA0182.png,tea,1
WATER0181.png,water,4
CANDY0267.png,candy,4
JAM0116.png,jam,3
HONEY0080.png,honey,1
FISH0109.png,fish,1
COFFEE0225.png,coffee,4
HONEY0025.png,honey,1
VINEGAR0073.png,vinegar,4
CHOCOLATE0303.png,chocolate,1
BEANS0114.png,beans,2
OIL0039.png,oil,1
RICE0082.png,rice,2
WATER0257.png,water,2
JUICE0247.png,juice,2
NUTS0114.png,nuts,4
JAM0161.png,jam,3
SPICES0121.png,spices,3
COFFEE0093.png,coffee,3
CHIPS0177.png,chips,2
CHIPS0127.png,chips,1
CANDY0193.png,candy,3
HONEY0176.png,honey,2
CHIPS0003.png,chips,3
COFFEE0155.png,coffee,3
RICE0092.png,rice,1
TOMATO_SAUCE0090.png,tomato_sauce,2
OIL0100.png,oil,2
JAM0153.png,jam,4
VINEGAR0076.png,vinegar,3
NUTS0076.png,nuts,3
TOMATO_SAUCE0055.png,tomato_sauce,2
SODA0073.png,soda,2
NUTS0101.png,nuts,1
JUICE0024.png,juice,4
VINEGAR0001.png,vinegar,3
CHIPS0015.png,chips,1
VINEGAR0106.png,vinegar,3
JAM0114.png,jam,3
WATER0194.png,water,2
JUICE0228.png,juice,2
SUGAR0021.png,sugar,1
SPICES0077.png,spices,2
TEA0170.png,tea,3
HONEY0105.png,honey,1
JAM0151.png,jam,3
NUTS0092.png,nuts,2
CAKE0036.png,cake,2
COFFEE0272.png,coffee,2
FLOUR0088.png,flour,7
JUICE0256.png,juice,2
CHIPS0088.png,chips,3
BEANS0042.png,beans,1
MILK0054.png,milk,2
HONEY0065.png,honey,2
JAM0052.png,jam,1
CAKE0054.png,cake,1
NUTS0131.png,nuts,3
CANDY0334.png,candy,1
TEA0004.png,tea,5
OIL0065.png,oil,2
PASTA0033.png,pasta,4
JUICE0091.png,juice,2
CHIPS0091.png,chips,2
PASTA0099.png,pasta,1
JAM0071.png,jam,2
PASTA0096.png,pasta,3
BEANS0007.png,beans,1
CEREAL0057.png,cereal,2
SODA0030.png,soda,3
JAM0118.png,jam,4
HONEY0121.png,honey,2
FISH0095.png,fish,4
WATER0221.png,water,3
TEA0010.png,tea,4
CEREAL0245.png,cereal,2
TEA0118.png,tea,2
CORN0092.png,corn,1
SPICES0094.png,spices,1
TEA0019.png,tea,2
PASTA0162.png,pasta,1
CHIPS0010.png,chips,1
CANDY0256.png,candy,1
JUICE0146.png,juice,4
BEANS0041.png,beans,5
MILK0012.png,milk,2
JAM0084.png,jam,3
RICE0060.png,rice,2
SPICES0057.png,spices,3
HONEY0060.png,honey,2
CANDY0315.png,candy,2
CHOCOLATE0255.png,chocolate,1
CANDY0266.png,candy,1
JUICE0002.png,juice,3
CANDY0186.png,candy,4
FLOUR0025.png,flour,1
CHIPS0111.png,chips,10
CEREAL0195.png,cereal,3
TEA0176.png,tea,1
JUICE0239.png,juice,2
TEA0162.png,tea,2
JAM0196.png,jam,2
NUTS0074.png,nuts,2
SPICES0032.png,spices,3
RICE0101.png,rice,1
CEREAL0233.png,cereal,1
NUTS0022.png,nuts,1
SODA0001.png,soda,1
CAKE0071.png,cake,2
WATER0252.png,water,1
CAKE0029.png,cake,1
TEA0129.png,tea,1
JUICE0201.png,juice,3
COFFEE0108.png,coffee,4
PASTA0115.png,pasta,3
CHOCOLATE0115.png,chocolate,2
BEANS0010.png,beans,6
WATER0068.png,water,2
CHIPS0072.png,chips,2
CEREAL0184.png,cereal,2
SODA0093.png,soda,6
COFFEE0054.png,coffee,2
PASTA0095.png,pasta,3
JAM0014.png,jam,6
CANDY0273.png,candy,1
VINEGAR0065.png,vinegar,2
CHOCOLATE0294.png,chocolate,1
TEA0230.png,tea,1
CHIPS0155.png,chips,3
CORN0000.png,corn,3
TEA0245.png,tea,5
COFFEE0194.png,coffee,2
OIL0032.png,oil,2
RICE0106.png,rice,2
SODA0081.png,soda,3
OIL0025.png,oil,1
VINEGAR0138.png,vinegar,3
FISH0077.png,fish,1
WATER0256.png,water,5
PASTA0030.png,pasta,1
CANDY0109.png,candy,2
SUGAR0111.png,sugar,2
CANDY0233.png,candy,1
RICE0105.png,rice,2
MILK0088.png,milk,2
SODA0117.png,soda,3
COFFEE0084.png,coffee,4
CHOCOLATE0056.png,chocolate,1
JUICE0266.png,juice,2
HONEY0035.png,honey,2
JAM0060.png,jam,3
JAM0221.png,jam,2
COFFEE0218.png,coffee,1
WATER0134.png,water,3
JUICE0013.png,juice,3
RICE0120.png,rice,2
RICE0140.png,rice,3
JAM0157.png,jam,4
WATER0149.png,water,3
SPICES0068.png,spices,4
CHOCOLATE0042.png,chocolate,1
CHIPS0008.png,chips,1
WATER0026.png,water,1
TOMATO_SAUCE0155.png,tomato_sauce,3
CEREAL0254.png,cereal,1
OIL0010.png,oil,3
JUICE0135.png,juice,4
HONEY0002.png,honey,1
COFFEE0006.png,coffee,2
HONEY0119.png,honey,2
WATER0260.png,water,3
COFFEE0083.png,coffee,2
CORN0009.png,corn,6
JUICE0273.png,juice,1
BEANS0128.png,beans,1
CAKE0139.png,cake,1
FLOUR0012.png,flour,2
FLOUR0080.png,flour,1
SUGAR0017.png,sugar,5
SUGAR0085.png,sugar,4
TEA0122.png,tea,1
CHIPS0122.png,chips,2
RICE0136.png,rice,1
COFFEE0131.png,coffee,8
SPICES0176.png,spices,2
PASTA0117.png,pasta,5
COFFEE0153.png,coffee,2
JUICE0149.png,juice,3
CEREAL0082.png,cereal,1
TOMATO_SAUCE0013.png,tomato_sauce,2
CHOCOLATE0145.png,chocolate,1
RICE0132.png,rice,2
VINEGAR0112.png,vinegar,1
CHOCOLATE0094.png,chocolate,1
PASTA0063.png,pasta,2
MILK0145.png,milk,5
COFFEE0282.png,coffee,3
OIL0047.png,oil,2
CAKE0150.png,cake,3
WATER0071.png,water,2
SPICES0039.png,spices,2
CANDY0239.png,candy,1
FLOUR0074.png,flour,2
WATER0205.png,water,2
CANDY0065.png,candy,1
WATER0030.png,water,1
BEANS0109.png,beans,2
PASTA0171.png,pasta,1
CANDY0140.png,candy,1
CHOCOLATE0090.png,chocolate,1
CHIPS0059.png,chips,2
PASTA0039.png,pasta,4
HONEY0154.png,honey,2
COFFEE0082.png,coffee,1
JAM0109.png,jam,5
CHOCOLATE0306.png,chocolate,1
CEREAL0028.png,cereal,2
TEA0150.png,tea,1
CANDY0010.png,candy,1
COFFEE0206.png,coffee,1
CANDY0071.png,candy,1
TEA0098.png,tea,2
CANDY0028.png,candy,1
CEREAL0086.png,cereal,2
JUICE0244.png,juice,2
CANDY0133.png,candy,1
MILK0080.png,milk,2
JAM0188.png,jam,3
PASTA0124.png,pasta,4
CEREAL0077.png,cereal,2
TOMATO_SAUCE0139.png,tomato_sauce,3
SODA0005.png,soda,1
BEANS0018.png,beans,3
CEREAL0088.png,cereal,4
NUTS0162.png,nuts,1
OIL0108.png,oil,2
WATER0014.png,water,3
CANDY0122.png,candy,1
JUICE0035.png,juice,3
JUICE0236.png,juice,2
SODA0120.png,soda,2
JAM0177.png,jam,6
MILK0033.png,milk,2
HONEY0041.png,honey,2
TOMATO_SAUCE0010.png,tomato_sauce,3
CHIPS0001.png,chips,2
WATER0220.png,water,2
CORN0093.png,corn,3
BEANS0080.png,beans,1
BEANS0097.png,beans,2
COFFEE0001.png,coffee,4
CEREAL0056.png,cereal,3
RICE0073.png,rice,2
CANDY0304.png,candy,3
FLOUR0031.png,flour,3
SODA0171.png,soda,1
JUICE0072.png,juice,2
CANDY0236.png,candy,2
OIL0007.png,oil,2
WATER0140.png,water,4
HONEY0173.png,honey,1
VINEGAR0123.png,vinegar,2
TOMATO_SAUCE0019.png,tomato_sauce,1
HONEY0118.png,honey,2
BEANS0089.png,beans,2
HONEY0149.png,honey,2
VINEGAR0059.png,vinegar,3
JUICE0003.png,juice,3
JUICE0269.png,juice,1
CANDY0066.png,candy,1
TOMATO_SAUCE0092.png,tomato_sauce,2
PASTA0150.png,pasta,2
CAKE0093.png,cake,3
CHIPS0031.png,chips,1
JUICE0285.png,juice,4
RICE0148.png,rice,1
WATER0197.png,water,1
CANDY0033.png,candy,1
COFFEE0203.png,coffee,2
WATER0180.png,water,3
CHIPS0050.png,chips,5
CHOCOLATE0125.png,chocolate,2
PASTA0104.png,pasta,1
CEREAL0256.png,cereal,1
TEA0252.png,tea,4
SPICES0049.png,spices,4
TOMATO_SAUCE0161.png,tomato_sauce,1
CHIPS0124.png,chips,3
CANDY0095.png,candy,2
CHIPS0049.png,chips,4
SPICES0074.png,spices,4
SUGAR0063.png,sugar,2
CAKE0129.png,cake,2
CANDY0015.png,candy,1
FISH0034.png,fish,1
CEREAL0263.png,cereal,1
SPICES0132.png,spices,3
CEREAL0072.png,cereal,2
SPICES0021.png,spices,2
CHOCOLATE0135.png,chocolate,1
SPICES0164.png,spices,4
JUICE0260.png,juice,4
JUICE0043.png,juice,3
OIL0031.png,oil,2
FISH0104.png,fish,6
SPICES0160.png,spices,2
CANDY0164.png,candy,2
WATER0029.png,water,3
JUICE0011.png,juice,1
CHIPS0103.png,chips,2
OIL0004.png,oil,1
PASTA0061.png,pasta,3
JUICE0060.png,juice,4
CHOCOLATE0099.png,chocolate,4
CEREAL0143.png,cereal,2
TEA0007.png,tea,1
CAKE0055.png,cake,1
NUTS0033.png,nuts,1
COFFEE0222.png,coffee,2
HONEY0116.png,honey,2
CAKE0148.png,cake,1
CHOCOLATE0071.png,chocolate,2
BEANS0075.png,beans,2
WATER0230.png,water,5
CORN0085.png,corn,2
MILK0002.png,milk,5
MILK0019.png,milk,2
SODA0169.png,soda,2
RICE0139.png,rice,2
TOMATO_SAUCE0096.png,tomato_sauce,2
CHOCOLATE0231.png,chocolate,1
TEA0139.png,tea,3
CEREAL0173.png,cereal,2
SODA0083.png,soda,4
PASTA0084.png,pasta,3
JUICE0268.png,juice,3
COFFEE0026.png,coffee,6
CAKE0103.png,cake,2
CANDY0234.png,candy,1
SPICES0087.png,spices,1
JAM0173.png,jam,3
OIL0000.png,oil,1
FISH0058.png,fish,3
CEREAL0093.png,cereal,2
CEREAL0113.png,cereal,1
CHIPS0068.png,chips,3
RICE0035.png,rice,2
RICE0010.png,rice,1
PASTA0113.png,pasta,2
COFFEE0229.png,coffee,2
RICE0005.png,rice,1
COFFEE0211.png,coffee,1
JUICE0057.png,juice,5
PASTA0041.png,pasta,2
JAM0016.png,jam,2
TEA0027.png,tea,2
BEANS0093.png,beans,2
TEA0034.png,tea,3
SODA0138.png,soda,3
SPICES0143.png,spices,3
COFFEE0277.png,coffee,3
JUICE0005.png,juice,3
CEREAL0277.png,cereal,1
CANDY0192.png,candy,2
OIL0037.png,oil,5
TEA0062.png,tea,1
TOMATO_SAUCE0168.png,tomato_sauce,2
CANDY0185.png,candy,1
JUICE0120.png,juice,4
VINEGAR0036.png,vinegar,3
CEREAL0120.png,cereal,1
CHIPS0146.png,chips,3
CANDY0208.png,candy,1
CEREAL0096.png,cereal,2
VINEGAR0094.png,vinegar,3
TEA0008.png,tea,1
BEANS0113.png,beans,3
CHOCOLATE0097.png,chocolate,6
JUICE0118.png,juice,3
OIL0134.png,oil,3
JAM0204.png,jam,3
CHOCOLATE0001.png,chocolate,2
CORN0013.png,corn,6
PASTA0169.png,pasta,2
WATER0121.png,water,4
CAKE0016.png,cake,2
CANDY0152.png,candy,1
JUICE0105.png,juice,3
SPICES0155.png,spices,4
SODA0097.png,soda,5
MILK0112.png,milk,2
JAM0086.png,jam,3
CAKE0083.png,cake,1
FISH0088.png,fish,2
WATER0027.png,water,12
SODA0116.png,soda,4
OIL0105.png,oil,3
SPICES0153.png,spices,5
BEANS0013.png,beans,4
RICE0026.png,rice,4
JAM0006.png,jam,7
COFFEE0144.png,coffee,2
TOMATO_SAUCE0138.png,tomato_sauce,3
COFFEE0230.png,coffee,3
VINEGAR0109.png,vinegar,2
CEREAL0075.png,cereal,3
JUICE0168.png,juice,3
COFFEE0293.png,coffee,1
CEREAL0043.png,cereal,1
JAM0205.png,jam,3
CORN0035.png,corn,4
PASTA0154.png,pasta,3
COFFEE0022.png,coffee,2
JAM0223.png,jam,3
MILK0027.png,milk,1
MILK0046.png,milk,1
JAM0045.png,jam,2
TEA0038.png,tea,5
FISH0084.png,fish,6
CEREAL0022.png,cereal,2
TEA0199.png,tea,2
CHOCOLATE0168.png,chocolate,2
RICE0146.png,rice,1
NUTS0135.png,nuts,1
CANDY0076.png,candy,1
CEREAL0002.png,cereal,2
RICE0045.png,rice,2
SPICES0005.png,spices,3
NUTS0025.png,nuts,1
FLOUR0011.png,flour,2
VINEGAR0013.png,vinegar,2
RICE0084.png,rice,2
PASTA0079.png,pasta,3
COFFEE0007.png,coffee,1
FLOUR0021.png,flour,2
COFFEE0080.png,coffee,2
CEREAL0222.png,cereal,2
JUICE0251.png,juice,2
TEA0042.png,tea,2
JUICE0015.png,juice,4
BEANS0035.png,beans,3
SPICES0059.png,spices,1
CHOCOLATE0043.png,chocolate,2
FLOUR0022.png,flour,2
CEREAL0071.png,cereal,2
CANDY0101.png,candy,2
CHOCOLATE0077.png,chocolate,2
JAM0038.png,jam,5
PASTA0137.png,pasta,1
OIL0026.png,oil,1
TEA0067.png,tea,2
TOMATO_SAUCE0025.png,tomato_sauce,8
OIL0102.png,oil,3
TEA0117.png,tea,1
JUICE0000.png,juice,4
TOMATO_SAUCE0018.png,tomato_sauce,3
SPICES0124.png,spices,4
COFFEE0213.png,coffee,4
NUTS0029.png,nuts,1
COFFEE0291.png,coffee,1
CHIPS0017.png,chips,2
CANDY0307.png,candy,3
COFFEE0018.png,coffee,4
MILK0071.png,milk,1
JUICE0045.png,juice,4
MILK0034.png,milk,2
JUICE0193.png,juice,3
NUTS0020.png,nuts,1
WATER0018.png,water,4
NUTS0069.png,nuts,5
CEREAL0023.png,cereal,2
COFFEE0245.png,coffee,2
TOMATO_SAUCE0163.png,tomato_sauce,1
WATER0195.png,water,3
CANDY0371.png,candy,5
SODA0092.png,soda,5
NUTS0134.png,nuts,1
CANDY0350.png,candy,1
CHOCOLATE0129.png,chocolate,1
JAM0172.png,jam,2
HONEY0090.png,honey,2
CHIPS0082.png,chips,2
COFFEE0241.png,coffee,3
OIL0071.png,oil,3
NUTS0023.png,nuts,1
CEREAL0024.png,cereal,1
TEA0233.png,tea,1
CHOCOLATE0046.png,chocolate,7
CEREAL0258.png,cereal,2
SPICES0093.png,spices,1
TEA0043.png,tea,1
CAKE0010.png,cake,2
VINEGAR0039.png,vinegar,3
TEA0149.png,tea,3
CHIPS0079.png,chips,2
SPICES0175.png,spices,4
CANDY0352.png,candy,1
COFFEE0191.png,coffee,2
TEA0280.png,tea,2
PASTA0014.png,pasta,2
CANDY0145.png,candy,5
JAM0088.png,jam,3
BEANS0046.png,beans,3
HONEY0093.png,honey,2
CAKE0073.png,cake,2
TEA0014.png,tea,1
CEREAL0112.png,cereal,1
SUGAR0072.png,sugar,2
SODA0059.png,soda,2
CANDY0353.png,candy,2
CANDY0235.png,candy,1
CHOCOLATE0020.png,chocolate,3
CHOCOLATE0228.png,chocolate,3
TOMATO_SAUCE0120.png,tomato_sauce,2
PASTA0129.png,pasta,3
JUICE0169.png,juice,2
COFFEE0264.png,coffee,2
VINEGAR0118.png,vinegar,2
HONEY0052.png,honey,2
BEANS0032.png,beans,1
PASTA0136.png,pasta,2
CORN0058.png,corn,2
CORN0029.png,corn,3
CHOCOLATE0258.png,chocolate,2
WATER0023.png,water,5
CAKE0068.png,cake,2
VINEGAR0035.png,vinegar,2
JUICE0208.png,juice,2
TEA0031.png,tea,3
NUTS0115.png,nuts,1
MILK0094.png,milk,1
PASTA0019.png,pasta,2
PASTA0145.png,pasta,1
VINEGAR0046.png,vinegar,3
JAM0137.png,jam,2
HONEY0178.png,honey,1
TEA0018.png,tea,1
MILK0026.png,milk,3
TEA0181.png,tea,1
PASTA0059.png,pasta,2
VINEGAR0016.png,vinegar,4
TOMATO_SAUCE0142.png,tomato_sauce,2
SODA0042.png,soda,5
CEREAL0090.png,cereal,2
TEA0121.png,tea,1
COFFEE0168.png,coffee,1
HONEY0029.png,honey,2
PASTA0035.png,pasta,5
CAKE0025.png,cake,1
VINEGAR0003.png,vinegar,1
CANDY0247.png,candy,1
SODA0099.png,soda,5
CAKE0159.png,cake,1
MILK0028.png,milk,1
SODA0072.png,soda,2
CHIPS0118.png,chips,3
HONEY0133.png,honey,2
JUICE0145.png,juice,4
COFFEE0215.png,coffee,2
JUICE0295.png,juice,3
SUGAR0041.png,sugar,2
WATER0166.png,water,2
WATER0050.png,water,6
JUICE0071.png,juice,5
CEREAL0031.png,cereal,1
TEA0173.png,tea,2
CEREAL0182.png,cereal,2
CHOCOLATE0114.png,chocolate,3
PASTA0001.png,pasta,3
SODA0063.png,soda,4
CANDY0227.png,candy,3
OIL0128.png,oil,3
BEANS0056.png,beans,2
MILK0061.png,milk,1
MILK0011.png,milk,3
PASTA0066.png,pasta,3
CAKE0015.png,cake,1
BEANS0090.png,beans,2
TOMATO_SAUCE0117.png,tomato_sauce,2
JAM0174.png,jam,3
CEREAL0011.png,cereal,2
CHOCOLATE0126.png,chocolate,2
WATER0104.png,water,1
TEA0017.png,tea,2
FISH0093.png,fish,3
OIL0111.png,oil,3
NUTS0061.png,nuts,1
COFFEE0021.png,coffee,3
FLOUR0072.png,flour,3
WATER0072.png,water,2
VINEGAR0005.png,vinegar,2
COFFEE0181.png,coffee,2
CAKE0075.png,cake,2
COFFEE0132.png,coffee,2
CEREAL0244.png,cereal,1
NUTS0089.png,nuts,1
FISH0015.png,fish,8
VINEGAR0072.png,vinegar,2
SODA0110.png,soda,3
OIL0012.png,oil,2
MILK0082.png,milk,1
HONEY0028.png,honey,2
CANDY0002.png,candy,1
CEREAL0103.png,cereal,2
PASTA0094.png,pasta,3
FISH0055.png,fish,3
VINEGAR0015.png,vinegar,2
CEREAL0067.png,cereal,3
PASTA0069.png,pasta,4
BEANS0025.png,beans,1
HONEY0120.png,honey,3
JAM0207.png,jam,2
HONEY0145.png,honey,3
COFFEE0031.png,coffee,4
HONEY0135.png,honey,1
BEANS0078.png,beans,1
JUICE0296.png,juice,2
TOMATO_SAUCE0164.png,tomato_sauce,1
MILK0006.png,milk,2
CAKE0007.png,cake,2
CHOCOLATE0103.png,chocolate,1
HONEY0046.png,honey,2
TEA0214.png,tea,1
OIL0005.png,oil,2
PASTA0046.png,pasta,3
JAM0076.png,jam,3
SPICES0061.png,spices,3
CHOCOLATE0254.png,chocolate,2
MILK0152.png,milk,2
HONEY0024.png,honey,2
COFFEE0223.png,coffee,4
WATER0247.png,water,2
FLOUR0037.png,flour,2
SODA0053.png,soda,3
MILK0154.png,milk,1
JAM0181.png,jam,5
RICE0144.png,rice,2
MILK0050.png,milk,2
CANDY0297.png,candy,1
BEANS0076.png,beans,1
WATER0153.png,water,3
CANDY0270.png,candy,4
CEREAL0250.png,cereal,1
TEA0279.png,tea,4
SODA0057.png,soda,4
CAKE0086.png,cake,2
JUICE0144.png,juice,4
SPICES0189.png,spices,2
CANDY0170.png,candy,2
PASTA0152.png,pasta,3
CEREAL0087.png,cereal,1
JUICE0178.png,juice,3
FLOUR0062.png,flour,2
COFFEE0042.png,coffee,2
JAM0214.png,jam,3
SPICES0011.png,spices,2
TEA0059.png,tea,1
OIL0046.png,oil,2
CHIPS0007.png,chips,2
SUGAR0056.png,sugar,2
JUICE0238.png,juice,2
JUICE0087.png,juice,2
SUGAR0034.png,sugar,2
OIL0138.png,oil,2
COFFEE0023.png,coffee,2
JAM0099.png,jam,3
MILK0133.png,milk,2
SODA0130.png,soda,3
COFFEE0163.png,coffee,2
CEREAL0074.png,cereal,3
CEREAL0129.png,cereal,2
CEREAL0157.png,cereal,2
CEREAL0213.png,cereal,2
TEA0058.png,tea,1
JUICE0196.png,juice,3
CHIPS0047.png,chips,1
BEANS0066.png,beans,2
TOMATO_SAUCE0166.png,tomato_sauce,2
JUICE0098.png,juice,5
PASTA0022.png,pasta,1
SPICES0081.png,spices,5
SODA0020.png,soda,1
JUICE0189.png,juice,4
COFFEE0267.png,coffee,2
CHOCOLATE0123.png,chocolate,2
MILK0106.png,milk,1
NUTS0139.png,nuts,3
JAM0104.png,jam,4
RICE0104.png,rice,2
COFFEE0035.png,coffee,3
CHOCOLATE0146.png,chocolate,2
CANDY0105.png,candy,1
CEREAL0094.png,cereal,2
CANDY0367.png,candy,1
RICE0069.png,rice,1
COFFEE0262.png,coffee,1
CHIPS0029.png,chips,1
RICE0016.png,rice,1
SODA0112.png,soda,6
JAM0225.png,jam,3
CEREAL0140.png,cereal,3
CANDY0139.png,candy,2
CHOCOLATE0096.png,chocolate,1
SUGAR0108.png,sugar,5
TOMATO_SAUCE0061.png,tomato_sauce,2
MILK0049.png,milk,2
BEANS0045.png,beans,3
CEREAL0154.png,cereal,2
RICE0053.png,rice,1
CANDY0269.png,candy,1
CHOCOLATE0069.png,chocolate,1
TEA0089.png,tea,2
VINEGAR0012.png,vinegar,4
CANDY0265.png,candy,4
CHOCOLATE0281.png,chocolate,1
JAM0092.png,jam,3
CANDY0012.png,candy,1
HONEY0038.png,honey,2
CEREAL0167.png,cereal,2
BEANS0124.png,beans,3
HONEY0117.png,honey,2
SODA0045.png,soda,2
BEANS0098.png,beans,1
CANDY0228.png,candy,4
JUICE0293.png,juice,2
SUGAR0100.png,sugar,3
TEA0071.png,tea,2
MILK0016.png,milk,6
TEA0206.png,tea,1
VINEGAR0041.png,vinegar,2
JAM0230.png,jam,2
JUICE0085.png,juice,5
SPICES0128.png,spices,4
SPICES0166.png,spices,3
WATER0081.png,water,3
TEA0120.png,tea,2
TEA0169.png,tea,3
CANDY0129.png,candy,1
COFFEE0037.png,coffee,3
WATER0124.png,water,4
CAKE0155.png,cake,1
FLOUR0065.png,flour,2
JUICE0248.png,juice,2
SPICES0044.png,spices,3
CANDY0264.png,candy,1
CHOCOLATE0187.png,chocolate,2
CEREAL0142.png,cereal,2
JUICE0163.png,juice,4
CHOCOLATE0233.png,chocolate,2
TEA0092.png,tea,2
RICE0118.png,rice,2
CORN0068.png,corn,2
CEREAL0242.png,cereal,1
SPICES0159.png,spices,3
CHIPS0005.png,chips,2
CORN0049.png,corn,1
OIL0020.png,oil,4
JAM0128.png,jam,7
CORN0040.png,corn,2
TOMATO_SAUCE0169.png,tomato_sauce,2
OIL0036.png,oil,2
JAM0193.png,jam,3
BEANS0067.png,beans,2
CHOCOLATE0279.png,chocolate,1
CAKE0084.png,cake,2
CANDY0302.png,candy,5
WATER0090.png,water,3
TOMATO_SAUCE0145.png,tomato_sauce,2
NUTS0154.png,nuts,1
JAM0110.png,jam,3
CHIPS0056.png,chips,2
CHIPS0179.png,chips,1
JAM0235.png,jam,1
TOMATO_SAUCE0009.png,tomato_sauce,1
OIL0131.png,oil,3
CHOCOLATE0211.png,chocolate,1
WATER0150.png,water,3
CANDY0023.png,candy,1
CAKE0128.png,cake,2
CANDY0163.png,candy,2
RICE0128.png,rice,2
CAKE0126.png,cake,2
CHOCOLATE0162.png,chocolate,4
TEA0106.png,tea,1
TOMATO_SAUCE0127.png,tomato_sauce,2
TOMATO_SAUCE0028.png,tomato_sauce,1
JAM0203.png,jam,5
FLOUR0084.png,flour,2
CHIPS0011.png,chips,2
FISH0089.png,fish,6
SPICES0193.png,spices,2
CHOCOLATE0102.png,chocolate,1
PASTA0111.png,pasta,2
JUICE0097.png,juice,3
OIL0054.png,oil,4
CAKE0115.png,cake,2
CANDY0100.png,candy,1
CHIPS0094.png,chips,2
FLOUR0043.png,flour,2
VINEGAR0018.png,vinegar,3
CAKE0017.png,cake,1
MILK0051.png,milk,3
OIL0075.png,oil,3
SODA0012.png,soda,2
OIL0043.png,oil,3
HONEY0001.png,honey,3
SODA0016.png,soda,1
HONEY0166.png,honey,5
FLOUR0029.png,flour,2
OIL0045.png,oil,3
PASTA0025.png,pasta,1
FISH0020.png,fish,5
RICE0044.png,rice,3
WATER0237.png,water,2
SODA0172.png,soda,1
PASTA0142.png,pasta,2
CHIPS0163.png,chips,1
CHOCOLATE0104.png,chocolate,5
CHOCOLATE0003.png,chocolate,3
CEREAL0128.png,cereal,2
OIL0087.png,oil,3
CHOCOLATE0249.png,chocolate,2
WATER0115.png,water,3
CANDY0221.png,candy,3
JUICE0250.png,juice,2
CEREAL0126.png,cereal,2
PASTA0131.png,pasta,1
FISH0100.png,fish,9
JUICE0181.png,juice,3
WATER0157.png,water,4
TEA0050.png,tea,2
COFFEE0185.png,coffee,2
BEANS0096.png,beans,4
JUICE0148.png,juice,4
CEREAL0076.png,cereal,1
CHOCOLATE0026.png,chocolate,4
CEREAL0208.png,cereal,1
NUTS0165.png,nuts,1
SUGAR0062.png,sugar,2
JAM0064.png,jam,1
VINEGAR0051.png,vinegar,1
CANDY0008.png,candy,2
FISH0041.png,fish,3
TEA0064.png,tea,1
TEA0209.png,tea,3
MILK0007.png,milk,3
CEREAL0165.png,cereal,2
OIL0030.png,oil,2
CEREAL0235.png,cereal,3
MILK0062.png,milk,5
TOMATO_SAUCE0151.png,tomato_sauce,2
WATER0253.png,water,3
TEA0271.png,tea,2
NUTS0091.png,nuts,1
CHOCOLATE0226.png,chocolate,3
VINEGAR0080.png,vinegar,4
CANDY0209.png,candy,1
WATER0218.png,water,3
TOMATO_SAUCE0065.png,tomato_sauce,2
SUGAR0059.png,sugar,2
SPICES0115.png,spices,3
CEREAL0238.png,cereal,2
WATER0106.png,water,2
TEA0154.png,tea,1
RICE0020.png,rice,1
JUICE0278.png,juice,1
FLOUR0051.png,flour,1
CORN0042.png,corn,2
OIL0019.png,oil,2
HONEY0055.png,honey,2
PASTA0073.png,pasta,4
FISH0091.png,fish,3
CEREAL0198.png,cereal,1
JAM0125.png,jam,3
COFFEE0024.png,coffee,1
CHIPS0157.png,chips,3
CHOCOLATE0017.png,chocolate,3
OIL0121.png,oil,4
CHOCOLATE0198.png,chocolate,2
CANDY0359.png,candy,1
VINEGAR0148.png,vinegar,2
SODA0100.png,soda,2
FISH0062.png,fish,3
TOMATO_SAUCE0125.png,tomato_sauce,1
VINEGAR0047.png,vinegar,2
CANDY0295.png,candy,1
CEREAL0150.png,cereal,1
COFFEE0100.png,coffee,1
COFFEE0210.png,coffee,4
PASTA0148.png,pasta,2
RICE0078.png,rice,3
WATER0088.png,water,1
CHOCOLATE0084.png,chocolate,1
JAM0047.png,jam,4
OIL0126.png,oil,3
VINEGAR0099.png,vinegar,4
WATER0040.png,water,3
JAM0051.png,jam,5
COFFEE0201.png,coffee,3
RICE0046.png,rice,2
MILK0140.png,milk,2
WATER0107.png,water,2
JUICE0022.png,juice,4
SPICES0192.png,spices,2
COFFEE0156.png,coffee,2
NUTS0052.png,nuts,5
CHIPS0016.png,chips,3
TEA0105.png,tea,1
TOMATO_SAUCE0083.png,tomato_sauce,2
MILK0044.png,milk,2
OIL0011.png,oil,2
NUTS0042.png,nuts,2
CHOCOLATE0106.png,chocolate,1
CANDY0313.png,candy,1
CHOCOLATE0075.png,chocolate,2
TOMATO_SAUCE0064.png,tomato_sauce,3
SUGAR0053.png,sugar,6
COFFEE0032.png,coffee,1
OIL0014.png,oil,3
HONEY0130.png,honey,1
OIL0083.png,oil,3
CAKE0091.png,cake,2
CHOCOLATE0259.png,chocolate,2
WATER0016.png,water,1
WATER0039.png,water,1
TEA0251.png,tea,3
PASTA0103.png,pasta,2
TEA0021.png,tea,2
FISH0056.png,fish,1
CAKE0008.png,cake,1
MILK0095.png,milk,2
SPICES0095.png,spices,3
PASTA0028.png,pasta,1
SPICES0013.png,spices,3
CHIPS0048.png,chips,1
WATER0199.png,water,2
JAM0061.png,jam,4
HONEY0033.png,honey,2
SUGAR0040.png,sugar,6
CANDY0086.png,candy,1
COFFEE0148.png,coffee,2
CEREAL0259.png,cereal,1
FLOUR0024.png,flour,1
CHOCOLATE0305.png,chocolate,1
TEA0054.png,tea,2
MILK0081.png,milk,2
TOMATO_SAUCE0093.png,tomato_sauce,2
CAKE0058.png,cake,1
MILK0057.png,milk,2
CHIPS0180.png,chips,1
JUICE0026.png,juice,3
CEREAL0000.png,cereal,2
TOMATO_SAUCE0034.png,tomato_sauce,1
OIL0044.png,oil,2
COFFEE0295.png,coffee,1
TEA0160.png,tea,1
JAM0190.png,jam,3
WATER0042.png,water,5
HONEY0054.png,honey,1
PASTA0160.png,pasta,1
CEREAL0123.png,cereal,2
SPICES0182.png,spices,6
CAKE0001.png,cake,2
BEANS0070.png,beans,2
CHOCOLATE0242.png,chocolate,1
CEREAL0206.png,cereal,2
RICE0013.png,rice,1
RICE0039.png,rice,5
SPICES0019.png,spices,3
TOMATO_SAUCE0135.png,tomato_sauce,1
CHOCOLATE0219.png,chocolate,2
CHOCOLATE0101.png,chocolate,1
CANDY0189.png,candy,4
MILK0087.png,milk,2
BEANS0049.png,beans,2
CHOCOLATE0121.png,chocolate,1
CEREAL0268.png,cereal,2
CHOCOLATE0227.png,chocolate,3
CHOCOLATE0154.png,chocolate,1
CEREAL0255.png,cereal,1
HONEY0099.png,honey,3
PASTA0037.png,pasta,2
SODA0167.png,soda,1
VINEGAR0105.png,vinegar,4
SUGAR0018.png,sugar,1
PASTA0067.png,pasta,3
VINEGAR0067.png,vinegar,3
CANDY0271.png,candy,1
SUGAR0037.png,sugar,3
JUICE0121.png,juice,3
COFFEE0285.png,coffee,2
NUTS0073.png,nuts,2
CAKE0117.png,cake,2
CANDY0299.png,candy,1
VINEGAR0102.png,vinegar,5
CANDY0238.png,candy,2
COFFEE0121.png,coffee,5
WATER0148.png,water,3
HONEY0011.png,honey,2
CHOCOLATE0245.png,chocolate,2
OIL0109.png,oil,3
WATER0019.png,water,4
CHOCOLATE0033.png,chocolate,1
SUGAR0092.png,sugar,2
VINEGAR0068.png,vinegar,4
OIL0140.png,oil,2
VINEGAR0048.png,vinegar,2
SODA0168.png,soda,1
PASTA0062.png,pasta,2
JUICE0023.png,juice,3
SPICES0146.png,spices,2
NUTS0009.png,nuts,2
CORN0043.png,corn,5
PASTA0101.png,pasta,2
JAM0017.png,jam,2
VINEGAR0053.png,vinegar,4
HONEY0110.png,honey,2
FISH0035.png,fish,1
CANDY0091.png,candy,2
CEREAL0038.png,cereal,2
WATER0167.png,water,3
WATER0010.png,water,1
CAKE0120.png,cake,2
HONEY0123.png,honey,2
TEA0185.png,tea,1
TEA0255.png,tea,4
SPICES0101.png,spices,3
PASTA0166.png,pasta,3
CAKE0143.png,cake,1
JUICE0203.png,juice,2
VINEGAR0022.png,vinegar,4
CHOCOLATE0023.png,chocolate,1
HONEY0086.png,honey,3
RICE0131.png,rice,3
COFFEE0274.png,coffee,1
WATER0259.png,water,5
CAKE0066.png,cake,1
FLOUR0044.png,flour,1
COFFEE0029.png,coffee,4
RICE0098.png,rice,1
WATER0178.png,water,4
SUGAR0109.png,sugar,2
NUTS0085.png,nuts,1
HONEY0032.png,honey,3
PASTA0114.png,pasta,2
RICE0007.png,rice,1
CHIPS0062.png,chips,2
MILK0149.png,milk,11
PASTA0003.png,pasta,1
CANDY0044.png,candy,2
FISH0083.png,fish,2
BEANS0028.png,beans,4
FLOUR0103.png,flour,1
VINEGAR0019.png,vinegar,2
BEANS0069.png,beans,1
FLOUR0060.png,flour,1
WATER0085.png,water,3
NUTS0119.png,nuts,1
NUTS0014.png,nuts,6
JUICE0221.png,juice,3
CANDY0211.png,candy,2
SPICES0138.png,spices,2
SODA0136.png,soda,3
CEREAL0069.png,cereal,2
COFFEE0116.png,coffee,2
NUTS0111.png,nuts,2
WATER0103.png,water,2
CORN0032.png,corn,7
TOMATO_SAUCE0129.png,tomato_sauce,3
OIL0117.png,oil,3
CEREAL0016.png,cereal,1
CANDY0278.png,candy,2
CEREAL0068.png,cereal,2
TEA0095.png,tea,2
FISH0107.png,fish,8
CHIPS0166.png,chips,1
JAM0167.png,jam,6
NUTS0016.png,nuts,3
PASTA0009.png,pasta,1
JAM0150.png,jam,3
RICE0111.png,rice,2
SPICES0194.png,spices,3
WATER0025.png,water,1
COFFEE0068.png,coffee,2
COFFEE0071.png,coffee,2
CHOCOLATE0079.png,chocolate,1
SPICES0204.png,spices,3
CEREAL0186.png,cereal,3
SODA0004.png,soda,2
HONEY0061.png,honey,2
JUICE0252.png,juice,2
RICE0075.png,rice,2
TEA0239.png,tea,2
HONEY0020.png,honey,1
BEANS0006.png,beans,2
MILK0100.png,milk,1
TOMATO_SAUCE0104.png,tomato_sauce,3
MILK0021.png,milk,2
RICE0033.png,rice,2
SODA0076.png,soda,2
CANDY0344.png,candy,1
NUTS0156.png,nuts,1
CHOCOLATE0169.png,chocolate,2
WATER0209.png,water,2
CANDY0333.png,candy,2
COFFEE0202.png,coffee,6
FISH0039.png,fish,2
CAKE0138.png,cake,2
FLOUR0048.png,flour,2
FLOUR0086.png,flour,1
WATER0240.png,water,2
PASTA0042.png,pasta,2
SPICES0187.png,spices,3
FLOUR0067.png,flour,4
COFFEE0248.png,coffee,3
VINEGAR0141.png,vinegar,1
JUICE0034.png,juice,1
JAM0067.png,jam,4
CANDY0009.png,candy,2
SUGAR0030.png,sugar,1
SPICES0075.png,spices,3
CEREAL0260.png,cereal,1
CEREAL0065.png,cereal,1
MILK0066.png,milk,1
SODA0089.png,soda,5
TOMATO_SAUCE0086.png,tomato_sauce,2
CANDY0296.png,candy,1
CHOCOLATE0180.png,chocolate,2
WATER0118.png,water,9
CHOCOLATE0189.png,chocolate,5
OIL0003.png,oil,1
SPICES0135.png,spices,3
HONEY0084.png,honey,1
CHOCOLATE0221.png,chocolate,2
SPICES0023.png,spices,3
SODA0028.png,soda,10
JAM0055.png,jam,5
OIL0094.png,oil,3
JUICE0230.png,juice,2
PASTA0049.png,pasta,2
TOMATO_SAUCE0162.png,tomato_sauce,4
CHIPS0014.png,chips,1
CHOCOLATE0193.png,chocolate,3
WATER0036.png,water,4
PASTA0065.png,pasta,3
JAM0087.png,jam,3
JUICE0267.png,juice,1
FISH0078.png,fish,1
SUGAR0024.png,sugar,6
CANDY0317.png,candy,2
JUICE0258.png,juice,10
CHOCOLATE0093.png,chocolate,1
TEA0104.png,tea,3
CHIPS0030.png,chips,2
SODA0025.png,soda,1
MILK0009.png,milk,3
JUICE0233.png,juice,2
CAKE0020.png,cake,2
WATER0251.png,water,2
COFFEE0041.png,coffee,1
CHOCOLATE0124.png,chocolate,3
MILK0139.png,milk,3
PASTA0024.png,pasta,2
COFFEE0012.png,coffee,2
JAM0134.png,jam,4
TEA0262.png,tea,4
COFFEE0205.png,coffee,3
SUGAR0035.png,sugar,3
CORN0069.png,corn,1
JUICE0249.png,juice,3
CAKE0056.png,cake,2
JUICE0222.png,juice,1
CANDY0151.png,candy,2
CORN0074.png,corn,2
TOMATO_SAUCE0012.png,tomato_sauce,1
HONEY0095.png,honey,2
TEA0077.png,tea,2
WATER0005.png,water,5
SODA0018.png,soda,7
TOMATO_SAUCE0087.png,tomato_sauce,2
HONEY0169.png,honey,2
TEA0276.png,tea,2
FISH0087.png,fish,4
MILK0068.png,milk,3
JUICE0054.png,juice,1
CORN0050.png,corn,2
JUICE0257.png,juice,1
SUGAR0074.png,sugar,2
JAM0023.png,jam,2
WATER0041.png,water,2
FLOUR0036.png,flour,1
CHIPS0066.png,chips,2
JUICE0073.png,juice,2
NUTS0097.png,nuts,3
SPICES0141.png,spices,2
PASTA0123.png,pasta,3
JUICE0044.png,juice,6
SPICES0003.png,spices,2
COFFEE0101.png,coffee,3
CEREAL0170.png,cereal,1
CANDY0093.png,candy,2
CEREAL0273.png,cereal,2
HONEY0165.png,honey,2
SPICES0158.png,spices,3
CAKE0137.png,cake,2
CANDY0108.png,candy,1
TEA0223.png,tea,1
WATER0173.png,water,2
CEREAL0248.png,cereal,1
CORN0033.png,corn,4
BEANS0000.png,beans,1
BEANS0011.png,beans,1
NUTS0124.png,nuts,1
TOMATO_SAUCE0094.png,tomato_sauce,2
SPICES0149.png,spices,3
CORN0055.png,corn,2
SPICES0078.png,spices,3
JUICE0021.png,juice,3
WATER0000.png,water,1
CHIPS0116.png,chips,3
COFFEE0019.png,coffee,3
TEA0246.png,tea,2
FLOUR0017.png,flour,1
MILK0108.png,milk,10
SUGAR0010.png,sugar,2
TOMATO_SAUCE0022.png,tomato_sauce,1
CHOCOLATE0059.png,chocolate,1
CANDY0327.png,candy,1
CANDY0260.png,candy,3
WATER0069.png,water,2
WATER0201.png,water,1
VINEGAR0014.png,vinegar,2
SPICES0062.png,spices,3
CORN0060.png,corn,1
RICE0145.png,rice,2
JAM0224.png,jam,2
SODA0026.png,soda,6
JAM0186.png,jam,3
VINEGAR0132.png,vinegar,2
SPICES0091.png,spices,3
TEA0113.png,tea,1
JUICE0218.png,juice,3
VINEGAR0081.png,vinegar,3
TOMATO_SAUCE0007.png,tomato_sauce,1
JUICE0124.png,juice,5
JUICE0186.png,juice,3
TOMATO_SAUCE0016.png,tomato_sauce,6
CHIPS0126.png,chips,1
VINEGAR0135.png,vinegar,3
TEA0136.png,tea,4
SPICES0092.png,spices,2
NUTS0057.png,nuts,2
WATER0078.png,water,2
TOMATO_SAUCE0071.png,tomato_sauce,2
PASTA0090.png,pasta,7
PASTA0054.png,pasta,2
TEA0126.png,tea,11
HONEY0159.png,honey,2
COFFEE0110.png,coffee,1
MILK0018.png,milk,5
CANDY0212.png,candy,2
CAKE0059.png,cake,2
FISH0108.png,fish,2
VINEGAR0155.png,vinegar,3
CHIPS0101.png,chips,3
TOMATO_SAUCE0147.png,tomato_sauce,4
HONEY0030.png,honey,3
VINEGAR0136.png,vinegar,3
COFFEE0020.png,coffee,1
FLOUR0002.png,flour,2
HONEY0071.png,honey,1
TEA0147.png,tea,1
TEA0096.png,tea,1
SODA0075.png,soda,3
CHOCOLATE0163.png,chocolate,2
CAKE0081.png,cake,2
WATER0184.png,water,1
FISH0027.png,fish,1
JUICE0141.png,juice,3
JUICE0019.png,juice,1
FLOUR0082.png,flour,2
COFFEE0258.png,coffee,1
CHOCOLATE0293.png,chocolate,1
TEA0033.png,tea,4
TOMATO_SAUCE0037.png,tomato_sauce,2
CEREAL0276.png,cereal,1
NUTS0075.png,nuts,4
CHOCOLATE0229.png,chocolate,2
SODA0156.png,soda,3
CANDY0361.png,candy,1
WATER0171.png,water,2
CANDY0069.png,candy,1
MILK0116.png,milk,3
FISH0010.png,fish,6
CANDY0368.png,candy,1
CEREAL0225.png,cereal,1
SPICES0157.png,spices,4
SPICES0120.png,spices,4
MILK0039.png,milk,2
MILK0102.png,milk,2
TEA0207.png,tea,1
CHOCOLATE0216.png,chocolate,2
COFFEE0055.png,coffee,3
OIL0092.png,oil,3
RICE0079.png,rice,3
CANDY0155.png,candy,1
FLOUR0018.png,flour,3
SODA0159.png,soda,1
MILK0160.png,milk,1
SPICES0045.png,spices,1
RICE0089.png,rice,1
CORN0039.png,corn,4
RICE0004.png,rice,1
COFFEE0173.png,coffee,4
CANDY0330.png,candy,1
JAM0062.png,jam,1
VINEGAR0000.png,vinegar,3
SUGAR0026.png,sugar,2
JAM0192.png,jam,3
HONEY0151.png,honey,2
CEREAL0148.png,cereal,1
WATER0176.png,water,2
MILK0142.png,milk,3
CHOCOLATE0194.png,chocolate,3
CANDY0165.png,candy,1
MILK0005.png,milk,3
SUGAR0057.png,sugar,2
SPICES0041.png,spices,2
JUICE0142.png,juice,4
COFFEE0099.png,coffee,2
CEREAL0192.png,cereal,3
CANDY0123.png,candy,1
RICE0024.png,rice,2
CEREAL0272.png,cereal,1
VINEGAR0083.png,vinegar,2
FISH0075.png,fish,1
CHOCOLATE0076.png,chocolate,2
COFFEE0025.png,coffee,2
HONEY0069.png,honey,2
OIL0053.png,oil,2
CEREAL0110.png,cereal,2
CHIPS0058.png,chips,2
JUICE0066.png,juice,3
RICE0072.png,rice,2
PASTA0135.png,pasta,2
FISH0033.png,fish,1
CANDY0156.png,candy,3
FISH0074.png,fish,1
WATER0204.png,water,6
CANDY0148.png,candy,1
COFFEE0167.png,coffee,4
SUGAR0069.png,sugar,2
MILK0113.png,milk,3
CANDY0159.png,candy,1
CANDY0195.png,candy,2
CANDY0097.png,candy,1
PASTA0005.png,pasta,2
FLOUR0053.png,flour,1
CANDY0102.png,candy,1
SODA0080.png,soda,3
NUTS0104.png,nuts,4
CHOCOLATE0257.png,chocolate,1
SODA0165.png,soda,1
CEREAL0158.png,cereal,2
JUICE0018.png,juice,4
SPICES0202.png,spices,4
VINEGAR0090.png,vinegar,3
TOMATO_SAUCE0023.png,tomato_sauce,2
RICE0057.png,rice,3
TOMATO_SAUCE0160.png,tomato_sauce,1
CANDY0161.png,candy,2
CHIPS0081.png,chips,2
NUTS0017.png,nuts,3
VINEGAR0009.png,vinegar,1
CHOCOLATE0035.png,chocolate,6
CHOCOLATE0271.png,chocolate,1
CEREAL0168.png,cereal,2
CANDY0306.png,candy,2
NUTS0143.png,nuts,1
CEREAL0180.png,cereal,1
CHIPS0107.png,chips,3
NUTS0012.png,nuts,2
JUICE0156.png,juice,2
TEA0177.png,tea,2
OIL0130.png,oil,2
SUGAR0031.png,sugar,1
CANDY0319.png,candy,4
JUICE0200.png,juice,3
NUTS0107.png,nuts,2
FISH0032.png,fish,2
CHOCOLATE0087.png,chocolate,3
CANDY0063.png,candy,1
JUICE0291.png,juice,2
CAKE0042.png,cake,1
CANDY0312.png,candy,1
CEREAL0265.png,cereal,1
VINEGAR0153.png,vinegar,3
JAM0136.png,jam,5
SPICES0070.png,spices,4
CEREAL0146.png,cereal,2
BEANS0085.png,beans,3
CORN0094.png,corn,1
HONEY0005.png,honey,2
PASTA0092.png,pasta,2
JAM0155.png,jam,3
JAM0176.png,jam,3
JAM0015.png,jam,4
NUTS0055.png,nuts,1
CANDY0120.png,candy,2
CANDY0014.png,candy,1
SPICES0014.png,spices,4
JAM0144.png,jam,3
WATER0227.png,water,2
FISH0037.png,fish,1
VINEGAR0040.png,vinegar,4
COFFEE0179.png,coffee,2
FLOUR0085.png,flour,2
COFFEE0234.png,coffee,2
CORN0018.png,corn,6
CEREAL0207.png,cereal,2
SODA0152.png,soda,6
WATER0186.png,water,6
SPICES0026.png,spices,1
CANDY0230.png,candy,2
PASTA0047.png,pasta,2
CANDY0011.png,candy,2
CHOCOLATE0004.png,chocolate,1
PASTA0074.png,pasta,2
TEA0013.png,tea,1
WATER0056.png,water,3
WATER0238.png,water,2
CHIPS0102.png,chips,8
NUTS0147.png,nuts,1
WATER0051.png,water,3
CAKE0023.png,cake,1
OIL0086.png,oil,3
CHOCOLATE0108.png,chocolate,1
TOMATO_SAUCE0077.png,tomato_sauce,2
CHOCOLATE0183.png,chocolate,2
CANDY0078.png,candy,1
CHOCOLATE0039.png,chocolate,1
PASTA0017.png,pasta,1
CHIPS0121.png,chips,1
JUICE0265.png,juice,2
MILK0131.png,milk,3
CHOCOLATE0019.png,chocolate,3
JAM0105.png,jam,4
TEA0208.png,tea,1
JUICE0214.png,juice,2
FISH0051.png,fish,7
CHOCOLATE0186.png,chocolate,3
TEA0082.png,tea,5
WATER0032.png,water,1
CEREAL0041.png,cereal,2
SUGAR0089.png,sugar,1
PASTA0081.png,pasta,3
CANDY0072.png,candy,1
JAM0111.png,jam,4
HONEY0009.png,honey,1
VINEGAR0002.png,vinegar,1
HONEY0100.png,honey,2
WATER0037.png,water,1
FISH0029.png,fish,1
RICE0009.png,rice,1
TEA0282.png,tea,3
WATER0046.png,water,1
JUICE0167.png,juice,3
CHOCOLATE0280.png,chocolate,1
JUICE0069.png,juice,4
BEANS0081.png,beans,2
TEA0201.png,tea,2
CEREAL0141.png,cereal,2
JAM0123.png,jam,3
TEA0256.png,tea,1
TOMATO_SAUCE0103.png,tomato_sauce,2
MILK0052.png,milk,3
WATER0086.png,water,4
FLOUR0035.png,flour,2
TEA0132.png,tea,1
OIL0066.png,oil,3
HONEY0129.png,honey,2
VINEGAR0074.png,vinegar,2
COFFEE0106.png,coffee,4
CEREAL0127.png,cereal,1
JAM0091.png,jam,3
TEA0047.png,tea,2
SPICES0000.png,spices,4
CEREAL0048.png,cereal,2
TEA0001.png,tea,2
SPICES0181.png,spices,14
RICE0008.png,rice,1
CANDY0004.png,candy,2
CHIPS0113.png,chips,4
JAM0139.png,jam,2
JUICE0209.png,juice,3
WATER0215.png,water,5
CANDY0158.png,candy,1
HONEY0183.png,honey,1
MILK0020.png,milk,3
TOMATO_SAUCE0017.png,tomato_sauce,2
WATER0258.png,water,5
TEA0020.png,tea,4
MILK0022.png,milk,1
CHOCOLATE0131.png,chocolate,2
BEANS0072.png,beans,1
CANDY0125.png,candy,2
CHIPS0098.png,chips,1
TOMATO_SAUCE0102.png,tomato_sauce,3
TEA0076.png,tea,1
CHIPS0134.png,chips,2
BEANS0083.png,beans,2
CHIPS0065.png,chips,2
SODA0151.png,soda,3
JAM0090.png,jam,4
RICE0114.png,rice,2
CEREAL0149.png,cereal,1
CANDY0291.png,candy,3
JUICE0174.png,juice,3
CEREAL0006.png,cereal,2
TOMATO_SAUCE0046.png,tomato_sauce,2
OIL0006.png,oil,1
COFFEE0237.png,coffee,3
CEREAL0083.png,cereal,2
FLOUR0107.png,flour,1
JAM0138.png,jam,3
HONEY0182.png,honey,2
NUTS0077.png,nuts,2
COFFEE0004.png,coffee,2
CHOCOLATE0027.png,chocolate,3
NUTS0163.png,nuts,1
TEA0093.png,tea,2
JUICE0076.png,juice,4
TEA0097.png,tea,1
SPICES0076.png,spices,2
VINEGAR0089.png,vinegar,2
CHOCOLATE0049.png,chocolate,2
VINEGAR0079.png,vinegar,4
CORN0084.png,corn,2
CAKE0047.png,cake,2
CANDY0000.png,candy,1
CEREAL0194.png,cereal,2
SODA0019.png,soda,1
TEA0016.png,tea,2
SPICES0102.png,spices,4
CAKE0125.png,cake,2
SODA0062.png,soda,2
RICE0065.png,rice,1
CANDY0249.png,candy,1
COFFEE0198.png,coffee,2
SPICES0110.png,spices,5
MILK0126.png,milk,2
CORN0015.png,corn,1
HONEY0021.png,honey,1
WATER0175.png,water,3
FISH0064.png,fish,1
JUICE0064.png,juice,5
COFFEE0118.png,coffee,2
CANDY0331.png,candy,1
NUTS0030.png,nuts,1
TEA0153.png,tea,4
TEA0022.png,tea,1
HONEY0085.png,honey,3
JAM0098.png,jam,5
SODA0107.png,soda,1
PASTA0029.png,pasta,2
CANDY0293.png,candy,2
TOMATO_SAUCE0146.png,tomato_sauce,2
JUICE0204.png,juice,5
PASTA0082.png,pasta,3
OIL0132.png,oil,2
CANDY0309.png,candy,2
CHOCOLATE0238.png,chocolate,1
CEREAL0107.png,cereal,1
HONEY0102.png,honey,2
TOMATO_SAUCE0011.png,tomato_sauce,1
TOMATO_SAUCE0115.png,tomato_sauce,2
TEA0156.png,tea,2
CORN0031.png,corn,6
SODA0024.png,soda,4
CEREAL0039.png,cereal,1
BEANS0065.png,beans,2
CHIPS0151.png,chips,1
TEA0015.png,tea,4
OIL0021.png,oil,1
SODA0054.png,soda,3
CANDY0062.png,candy,1
CAKE0011.png,cake,1
SPICES0200.png,spices,5
CEREAL0147.png,cereal,2
WATER0101.png,water,1
SPICES0109.png,spices,2
FISH0022.png,fish,4
TEA0242.png,tea,4
CANDY0345.png,candy,1
FLOUR0026.png,flour,1
COFFEE0044.png,coffee,3
TEA0250.png,tea,3
RICE0054.png,rice,3
CANDY0188.png,candy,2
CAKE0110.png,cake,2
TEA0203.png,tea,1
TEA0148.png,tea,1
CANDY0083.png,candy,1
NUTS0064.png,nuts,3
CEREAL0174.png,cereal,2
CORN0052.png,corn,1
COFFEE0010.png,coffee,3
TEA0123.png,tea,3
WATER0006.png,water,3
HONEY0136.png,honey,3
TEA0243.png,tea,3
CANDY0268.png,candy,3
CANDY0300.png,candy,1
CHIPS0115.png,chips,2
CHOCOLATE0086.png,chocolate,1
VINEGAR0006.png,vinegar,2
TEA0032.png,tea,2
TEA0128.png,tea,9
JAM0133.png,jam,3
CEREAL0243.png,cereal,2
MILK0017.png,milk,6
SODA0087.png,soda,4
RICE0023.png,rice,2
OIL0101.png,oil,3
SPICES0142.png,spices,3
BEANS0051.png,beans,2
OIL0057.png,oil,3
VINEGAR0030.png,vinegar,3
CHIPS0164.png,chips,1
NUTS0004.png,nuts,2
OIL0068.png,oil,3
CHOCOLATE0007.png,chocolate,1
SUGAR0052.png,sugar,2
CORN0079.png,corn,2
RICE0113.png,rice,1
PASTA0068.png,pasta,2
SODA0147.png,soda,3
CEREAL0008.png,cereal,1
CANDY0147.png,candy,3
COFFEE0053.png,coffee,2
WATER0154.png,water,4
CHOCOLATE0110.png,chocolate,1
CANDY0138.png,candy,1
CORN0057.png,corn,2
JUICE0225.png,juice,2
CANDY0024.png,candy,3
VINEGAR0085.png,vinegar,4
CHOCOLATE0051.png,chocolate,1
JUICE0182.png,juice,3
CHOCOLATE0057.png,chocolate,1
CANDY0321.png,candy,1
NUTS0094.png,nuts,1
BEANS0040.png,beans,3
CAKE0079.png,cake,2
JAM0198.png,jam,3
NUTS0086.png,nuts,4
MILK0029.png,milk,3
CAKE0109.png,cake,3
COFFEE0189.png,coffee,1
JAM0009.png,jam,3
WATER0241.png,water,5
JAM0010.png,jam,8
TOMATO_SAUCE0036.png,tomato_sauce,1
WATER0114.png,water,3
TOMATO_SAUCE0078.png,tomato_sauce,2
COFFEE0119.png,coffee,3
TEA0264.png,tea,2
COFFEE0134.png,coffee,1
JAM0215.png,jam,3
SPICES0203.png,spices,3
TEA0215.png,tea,1
CANDY0258.png,candy,2
COFFEE0232.png,coffee,3
OIL0022.png,oil,1
CANDY0116.png,candy,1
COFFEE0227.png,coffee,2
CEREAL0106.png,cereal,2
JUICE0010.png,juice,3
WATER0162.png,water,5
SPICES0184.png,spices,5
VINEGAR0062.png,vinegar,3
JAM0238.png,jam,1
PASTA0132.png,pasta,1
WATER0059.png,water,3
JAM0121.png,jam,3
TOMATO_SAUCE0054.png,tomato_sauce,4
TEA0142.png,tea,3
PASTA0078.png,pasta,4
JAM0180.png,jam,3
TOMATO_SAUCE0119.png,tomato_sauce,2
JAM0208.png,jam,2
CANDY0364.png,candy,1
COFFEE0059.png,coffee,2
CHOCOLATE0283.png,chocolate,1
CAKE0160.png,cake,1
OIL0110.png,oil,3
MILK0064.png,milk,2
PASTA0153.png,pasta,2
TOMATO_SAUCE0089.png,tomato_sauce,2
TEA0044.png,tea,3
SUGAR0015.png,sugar,3
CHOCOLATE0014.png,chocolate,1
TOMATO_SAUCE0131.png,tomato_sauce,6
CEREAL0270.png,cereal,1
OIL0049.png,oil,2
JAM0040.png,jam,1
MILK0037.png,milk,3
JAM0019.png,jam,2
WATER0129.png,water,4
PASTA0122.png,pasta,2
JUICE0052.png,juice,2
TEA0166.png,tea,1
JAM0000.png,jam,1
BEANS0022.png,beans,6
CHOCOLATE0170.png,chocolate,3
SPICES0173.png,spices,4
SPICES0116.png,spices,4
CAKE0076.png,cake,2
SODA0061.png,soda,3
COFFEE0255.png,coffee,6
CHIPS0032.png,chips,2
CHIPS0006.png,chips,2
SUGAR0048.png,sugar,2
HONEY0162.png,honey,5
CANDY0346.png,candy,1
JUICE0082.png,juice,2
JUICE0206.png,juice,2
BEANS0100.png,beans,1
CEREAL0013.png,cereal,2
CANDY0075.png,candy,1
CORN0087.png,corn,3
CAKE0096.png,cake,2
CAKE0099.png,cake,3
RICE0091.png,rice,1
CORN0054.png,corn,2
TOMATO_SAUCE0079.png,tomato_sauce,2
WATER0095.png,water,3
CHOCOLATE0304.png,chocolate,1
JAM0178.png,jam,3
NUTS0159.png,nuts,1
WATER0053.png,water,4
WATER0233.png,water,3
JAM0200.png,jam,2
CEREAL0232.png,cereal,1
RICE0062.png,rice,3
RICE0107.png,rice,2
VINEGAR0096.png,vinegar,4
BEANS0050.png,beans,2
JAM0033.png,jam,3
CANDY0124.png,candy,3
WATER0087.png,water,2
JAM0021.png,jam,2
CANDY0336.png,candy,1
WATER0128.png,water,1
CANDY0290.png,candy,1
TOMATO_SAUCE0050.png,tomato_sauce,1
BEANS0132.png,beans,2
JAM0202.png,jam,2
CAKE0156.png,cake,2
JUICE0092.png,juice,2
CHIPS0061.png,chips,2
SPICES0037.png,spices,3
VINEGAR0058.png,vinegar,3
JAM0077.png,jam,2
JAM0032.png,jam,4
RICE0093.png,rice,2
JUICE0127.png,juice,3
CEREAL0059.png,cereal,2
MILK0122.png,milk,4
VINEGAR0060.png,vinegar,4
PASTA0034.png,pasta,3
HONEY0047.png,honey,1
SPICES0139.png,spices,3
JAM0081.png,jam,2
COFFEE0263.png,coffee,10
BEANS0122.png,beans,2
MILK0055.png,milk,2
NUTS0083.png,nuts,1
CANDY0087.png,candy,1
CANDY0240.png,candy,1
CANDY0217.png,candy,2
CORN0038.png,corn,2
TOMATO_SAUCE0039.png,tomato_sauce,2
MILK0097.png,milk,2
PASTA0130.png,pasta,1
WATER0202.png,water,4
TEA0228.png,tea,1
CHOCOLATE0044.png,chocolate,2
CANDY0128.png,candy,1
SUGAR0032.png,sugar,1
HONEY0132.png,honey,2
CANDY0262.png,candy,2
CHIPS0114.png,chips,3
COFFEE0098.png,coffee,3
SPICES0051.png,spices,3
JUICE0170.png,juice,3
CHOCOLATE0065.png,chocolate,3
CHIPS0023.png,chips,1
JUICE0171.png,juice,3
SODA0121.png,soda,6
MILK0084.png,milk,2
FLOUR0090.png,flour,2
SODA0011.png,soda,1
TEA0278.png,tea,2
TEA0051.png,tea,2
TEA0249.png,tea,3
CEREAL0137.png,cereal,2
NUTS0008.png,nuts,5
FLOUR0028.png,flour,1
WATER0164.png,water,3
FISH0061.png,fish,2
JUICE0150.png,juice,4
JAM0234.png,jam,5
JUICE0242.png,juice,2
CAKE0048.png,cake,2
COFFEE0046.png,coffee,1
CHOCOLATE0277.png,chocolate,3
VINEGAR0100.png,vinegar,4
VINEGAR0042.png,vinegar,2
CANDY0112.png,candy,1
TEA0073.png,tea,2
COFFEE0067.png,coffee,3
TOMATO_SAUCE0108.png,tomato_sauce,2
CEREAL0212.png,cereal,1
FLOUR0049.png,flour,1
WATER0054.png,water,5
CANDY0311.png,candy,1
TEA0212.png,tea,1
JUICE0075.png,juice,3
SODA0085.png,soda,3
MILK0074.png,milk,2
BEANS0068.png,beans,1
HONEY0174.png,honey,1
COFFEE0057.png,coffee,4
SODA0017.png,soda,3
SPICES0031.png,spices,5
CHOCOLATE0164.png,chocolate,2
CAKE0003.png,cake,2
CHOCOLATE0208.png,chocolate,2
CEREAL0053.png,cereal,2
JAM0025.png,jam,2
CHIPS0174.png,chips,1
MILK0103.png,milk,2
JUICE0188.png,juice,4
FLOUR0039.png,flour,2
CAKE0119.png,cake,2
CEREAL0066.png,cereal,1
JUICE0179.png,juice,3
CORN0026.png,corn,7
FISH0048.png,fish,11
TOMATO_SAUCE0063.png,tomato_sauce,2
RICE0040.png,rice,3
CHOCOLATE0288.png,chocolate,1
CHIPS0128.png,chips,4
RICE0088.png,rice,1
JAM0053.png,jam,4
JUICE0284.png,juice,3
COFFEE0149.png,coffee,3
OIL0089.png,oil,3
CEREAL0091.png,cereal,1
TOMATO_SAUCE0123.png,tomato_sauce,3
WATER0179.png,water,2
CHIPS0051.png,chips,2
VINEGAR0020.png,vinegar,2
FISH0047.png,fish,7
CHOCOLATE0037.png,chocolate,2
TEA0081.png,tea,3
SUGAR0023.png,sugar,1
CORN0025.png,corn,6
CHIPS0044.png,chips,2
SUGAR0060.png,sugar,2
CHIPS0131.png,chips,1
WATER0125.png,water,3
NUTS0056.png,nuts,3
PASTA0109.png,pasta,2
VINEGAR0057.png,vinegar,2
COFFEE0150.png,coffee,3
COFFEE0297.png,coffee,1
HONEY0079.png,honey,2
CANDY0085.png,candy,1
CEREAL0210.png,cereal,2
TEA0237.png,tea,1
WATER0187.png,water,3
HONEY0037.png,honey,2
CANDY0200.png,candy,2
VINEGAR0097.png,vinegar,4
SODA0031.png,soda,4
SUGAR0061.png,sugar,2
SPICES0113.png,spices,2
PASTA0031.png,pasta,1
OIL0141.png,oil,1
HONEY0167.png,honey,1
JAM0030.png,jam,7
NUTS0161.png,nuts,1
CANDY0226.png,candy,3
PASTA0013.png,pasta,3
MILK0058.png,milk,2
TEA0005.png,tea,1
PASTA0012.png,pasta,3
CANDY0318.png,candy,2
RICE0006.png,rice,1
COFFEE0231.png,coffee,1
SODA0106.png,soda,3
CEREAL0018.png,cereal,3
FISH0106.png,fish,4
RICE0000.png,rice,1
SPICES0188.png,spices,12
COFFEE0127.png,coffee,2
CHOCOLATE0203.png,chocolate,1
BEANS0088.png,beans,2
NUTS0116.png,nuts,1
CHIPS0143.png,chips,2
PASTA0004.png,pasta,1
CHOCOLATE0137.png,chocolate,1
FLOUR0070.png,flour,3
WATER0110.png,water,2
JUICE0067.png,juice,1
CAKE0135.png,cake,2
CHIPS0120.png,chips,2
CAKE0077.png,cake,2
CHIPS0170.png,chips,2
CHIPS0168.png,chips,1
COFFEE0027.png,coffee,2
COFFEE0249.png,coffee,4
MILK0001.png,milk,1
COFFEE0175.png,coffee,4
SODA0150.png,soda,4
TEA0065.png,tea,2
TEA0025.png,tea,2
COFFEE0050.png,coffee,1
JAM0201.png,jam,2
TEA0144.png,tea,4
WATER0066.png,water,3
WATER0105.png,water,2
CHIPS0130.png,chips,2
JUICE0130.png,juice,2
WATER0246.png,water,3
CANDY0092.png,candy,2
SODA0040.png,soda,2
JAM0103.png,jam,3
NUTS0010.png,nuts,2
COFFEE0074.png,coffee,2
SODA0113.png,soda,2
SUGAR0096.png,sugar,1
SUGAR0066.png,sugar,2
CHIPS0171.png,chips,1
NUTS0099.png,nuts,2
CHOCOLATE0175.png,chocolate,3
CHOCOLATE0230.png,chocolate,1
NUTS0155.png,nuts,1
CAKE0094.png,cake,3
NUTS0040.png,nuts,1
COFFEE0124.png,coffee,4
WATER0189.png,water,2
JAM0169.png,jam,4
JUICE0166.png,juice,2
CANDY0284.png,candy,3
JUICE0157.png,juice,3
HONEY0170.png,honey,8
FLOUR0101.png,flour,3
JAM0113.png,jam,3
WATER0062.png,water,4
TEA0107.png,tea,2
NUTS0068.png,nuts,2
CHOCOLATE0205.png,chocolate,2
RICE0095.png,rice,1
CEREAL0036.png,cereal,1
BEANS0004.png,beans,1
SODA0048.png,soda,4
CEREAL0134.png,cereal,2
VINEGAR0145.png,vinegar,2
SODA0021.png,soda,1
JUICE0122.png,juice,3
FISH0072.png,fish,1
CANDY0214.png,candy,2
COFFEE0180.png,coffee,4
RICE0129.png,rice,1
CORN0006.png,corn,4
JUICE0090.png,juice,1
CEREAL0005.png,cereal,5
FISH0009.png,fish,1
PASTA0051.png,pasta,3
CEREAL0111.png,cereal,1
TOMATO_SAUCE0032.png,tomato_sauce,6
CHOCOLATE0068.png,chocolate,1
SPICES0009.png,spices,2
JUICE0109.png,juice,2
JAM0170.png,jam,2
TEA0200.png,tea,1
CANDY0167.png,candy,1
WATER0004.png,water,2
CHOCOLATE0190.png,chocolate,2
BEANS0062.png,beans,2
WATER0196.png,water,1
PASTA0158.png,pasta,2
CHOCOLATE0182.png,chocolate,6
COFFEE0260.png,coffee,1
NUTS0067.png,nuts,2
HONEY0036.png,honey,3
CANDY0259.png,candy,2
CEREAL0162.png,cereal,1
TOMATO_SAUCE0159.png,tomato_sauce,1
WATER0080.png,water,3
WATER0021.png,water,2
CAKE0006.png,cake,1
RICE0063.png,rice,2
CANDY0199.png,candy,2
CEREAL0231.png,cereal,1
CANDY0289.png,candy,1
WATER0097.png,water,1
WATER0151.png,water,1
CEREAL0020.png,cereal,2
HONEY0004.png,honey,3
PASTA0143.png,pasta,1
JUICE0081.png,juice,5
CANDY0142.png,candy,2
JAM0227.png,jam,3
RICE0029.png,rice,2
JUICE0162.png,juice,3
COFFEE0166.png,coffee,2
JUICE0192.png,juice,5
PASTA0155.png,pasta,2
CEREAL0218.png,cereal,2
BEANS0126.png,beans,1
COFFEE0253.png,coffee,2
COFFEE0224.png,coffee,4
CANDY0042.png,candy,2
CORN0090.png,corn,7
RICE0109.png,rice,2
VINEGAR0152.png,vinegar,2
CHIPS0060.png,chips,3
NUTS0032.png,nuts,1
JUICE0038.png,juice,2
FLOUR0046.png,flour,3
CEREAL0030.png,cereal,2
CANDY0183.png,candy,2
WATER0198.png,water,2
TOMATO_SAUCE0000.png,tomato_sauce,4
FLOUR0071.png,flour,1
SODA0095.png,soda,6
FLOUR0059.png,flour,2
OIL0015.png,oil,1
TOMATO_SAUCE0165.png,tomato_sauce,1
CEREAL0253.png,cereal,1
TOMATO_SAUCE0052.png,tomato_sauce,2
VINEGAR0156.png,vinegar,3
RICE0115.png,rice,2
CEREAL0001.png,cereal,2
OIL0125.png,oil,3
CEREAL0166.png,cereal,2
CEREAL0003.png,cereal,3
CORN0017.png,corn,4
SODA0114.png,soda,2
FISH0068.png,fish,3
CHOCOLATE0248.png,chocolate,2
JUICE0254.png,juice,4
JUICE0061.png,juice,2
CHIPS0077.png,chips,2
VINEGAR0031.png,vinegar,1
FLOUR0001.png,flour,3
CHIPS0096.png,chips,4
JUICE0017.png,juice,4
WATER0084.png,water,3
JAM0056.png,jam,4
JUICE0155.png,juice,3
SODA0154.png,soda,8
HONEY0062.png,honey,2
WATER0034.png,water,2
FISH0030.png,fish,2
RICE0061.png,rice,2
FLOUR0047.png,flour,1
CEREAL0188.png,cereal,1
TEA0266.png,tea,2
CHIPS0160.png,chips,1
VINEGAR0124.png,vinegar,3
CANDY0099.png,candy,1
WATER0182.png,water,2
OIL0001.png,oil,1
CANDY0049.png,candy,2
HONEY0150.png,honey,2
TOMATO_SAUCE0049.png,tomato_sauce,2
JAM0160.png,jam,3
JUICE0126.png,juice,3
TEA0204.png,tea,1
CEREAL0061.png,cereal,2
CAKE0057.png,cake,2
OIL0050.png,oil,2
CHOCOLATE0222.png,chocolate,2
VINEGAR0098.png,vinegar,4
CANDY0355.png,candy,2
JUICE0031.png,juice,5
TEA0124.png,tea,2
JUICE0275.png,juice,1
TOMATO_SAUCE0121.png,tomato_sauce,3
HONEY0112.png,honey,3
CHIPS0147.png,chips,2
RICE0149.png,rice,2
CEREAL0234.png,cereal,2
CEREAL0060.png,cereal,1
WATER0102.png,water,1
BEANS0134.png,beans,3
JUICE0154.png,juice,5
CANDY0251.png,candy,1
COFFEE0233.png,coffee,4
VINEGAR0095.png,vinegar,4
WATER0170.png,water,2
CHIPS0013.png,chips,2
PASTA0088.png,pasta,3
JUICE0299.png,juice,2
SODA0088.png,soda,4
CHIPS0119.png,chips,2
CHOCOLATE0032.png,chocolate,1
RICE0119.png,rice,3
SPICES0169.png,spices,1
COFFEE0075.png,coffee,4
CHOCOLATE0212.png,chocolate,1
CHOCOLATE0015.png,chocolate,9
SODA0068.png,soda,3
CANDY0348.png,candy,1
SUGAR0051.png,sugar,2
JAM0156.png,jam,4
MILK0121.png,milk,3
CHIPS0162.png,chips,1
JUICE0198.png,juice,3
OIL0055.png,oil,2
FISH0004.png,fish,1
WATER0234.png,water,2
CORN0044.png,corn,3
CHIPS0022.png,chips,4
CHOCOLATE0055.png,chocolate,1
CAKE0127.png,cake,2
TEA0218.png,tea,1
CEREAL0183.png,cereal,2
FLOUR0108.png,flour,1
COFFEE0266.png,coffee,2
CAKE0033.png,cake,2
NUTS0081.png,nuts,1
MILK0024.png,milk,1
HONEY0044.png,honey,1
BEANS0118.png,beans,1
WATER0044.png,water,2
FISH0097.png,fish,3
CAKE0072.png,cake,2
SODA0111.png,soda,4
CANDY0137.png,candy,3
NUTS0146.png,nuts,1
JUICE0048.png,juice,1
HONEY0125.png,honey,7
TEA0197.png,tea,2
BEANS0057.png,beans,2
CANDY0153.png,candy,2
COFFEE0207.png,coffee,2
CANDY0176.png,candy,2
SUGAR0104.png,sugar,5
OIL0009.png,oil,1
TEA0273.png,tea,6
JAM0236.png,jam,1
COFFEE0178.png,coffee,3
CHOCOLATE0292.png,chocolate,1
CAKE0024.png,cake,2
TEA0274.png,tea,6
SPICES0111.png,spices,5
TEA0222.png,tea,1
CHOCOLATE0300.png,chocolate,1
COFFEE0199.png,coffee,3
WATER0112.png,water,4
SPICES0191.png,spices,2
PASTA0147.png,pasta,1
OIL0079.png,oil,4
SODA0164.png,soda,1
COFFEE0200.png,coffee,4
FLOUR0038.png,flour,1
RICE0043.png,rice,3
CEREAL0257.png,cereal,1
RICE0014.png,rice,1
PASTA0026.png,pasta,2
CORN0028.png,corn,3
OIL0016.png,oil,2
TEA0052.png,tea,4
CAKE0114.png,cake,2
WATER0113.png,water,3
CANDY0250.png,candy,1
CAKE0158.png,cake,1
CHOCOLATE0184.png,chocolate,3
SODA0160.png,soda,1
NUTS0095.png,nuts,3
CANDY0231.png,candy,1
CHOCOLATE0088.png,chocolate,1
OIL0035.png,oil,3
OIL0038.png,oil,3
PASTA0119.png,pasta,2
SODA0173.png,soda,1
CAKE0078.png,cake,2
JAM0179.png,jam,8
CHIPS0161.png,chips,2
CHIPS0108.png,chips,3
TOMATO_SAUCE0059.png,tomato_sauce,3
HONEY0083.png,honey,1
HONEY0042.png,honey,2
COFFEE0051.png,coffee,2
MILK0117.png,milk,1
COFFEE0115.png,coffee,4
JUICE0243.png,juice,2
FISH0001.png,fish,1
RICE0087.png,rice,1
COFFEE0077.png,coffee,2
COFFEE0034.png,coffee,2
SUGAR0045.png,sugar,2
CHOCOLATE0195.png,chocolate,2
TEA0011.png,tea,2
VINEGAR0025.png,vinegar,2
COFFEE0091.png,coffee,2
JUICE0106.png,juice,3
TEA0006.png,tea,2
MILK0093.png,milk,2
WATER0192.png,water,2
TEA0091.png,tea,2
WATER0183.png,water,2
CANDY0030.png,candy,1
SUGAR0082.png,sugar,2
FLOUR0014.png,flour,1
CHOCOLATE0013.png,chocolate,3
WATER0003.png,water,1
SUGAR0055.png,sugar,2
CHOCOLATE0217.png,chocolate,2
CANDY0040.png,candy,2
JUICE0030.png,juice,1
CEREAL0197.png,cereal,2
VINEGAR0078.png,vinegar,3
JAM0189.png,jam,3
BEANS0117.png,beans,2
CHOCOLATE0073.png,chocolate,1
FISH0046.png,fish,6
SUGAR0001.png,sugar,2
SUGAR0002.png,sugar,1
CHIPS0053.png,chips,2
SODA0070.png,soda,2
JUICE0143.png,juice,3
CORN0041.png,corn,2
WATER0161.png,water,2
JAM0143.png,jam,4
COFFEE0094.png,coffee,3
HONEY0155.png,honey,2
CHIPS0173.png,chips,2
CANDY0343.png,candy,2
WATER0207.png,water,3
CANDY0089.png,candy,1
CEREAL0159.png,cereal,1
CHOCOLATE0196.png,chocolate,2
CANDY0118.png,candy,1
CANDY0114.png,candy,2
FLOUR0094.png,flour,1
TEA0184.png,tea,1
CANDY0001.png,candy,2
HONEY0077.png,honey,2
CEREAL0172.png,cereal,1
OIL0127.png,oil,3
NUTS0096.png,nuts,1
WATER0190.png,water,2
MILK0025.png,milk,3
SODA0035.png,soda,4
PASTA0097.png,pasta,3
CAKE0108.png,cake,1
CHIPS0021.png,chips,3
SPICES0088.png,spices,3
TEA0221.png,tea,1
JUICE0183.png,juice,3
COFFEE0216.png,coffee,2
COFFEE0096.png,coffee,3
WATER0024.png,water,3
HONEY0138.png,honey,1
VINEGAR0064.png,vinegar,3
SODA0078.png,soda,4
CHOCOLATE0251.png,chocolate,1
WATER0092.png,water,3
SPICES0084.png,spices,2
TEA0158.png,tea,2
FISH0080.png,fish,1
JUICE0094.png,juice,3
JAM0080.png,jam,3
COFFEE0047.png,coffee,1
CHOCOLATE0161.png,chocolate,2
JAM0042.png,jam,7
RICE0059.png,rice,2
CHOCOLATE0139.png,chocolate,2
SPICES0114.png,spices,4
CORN0023.png,corn,1
HONEY0153.png,honey,2
PASTA0015.png,pasta,1
NUTS0036.png,nuts,1
JAM0050.png,jam,5
CANDY0162.png,candy,2
SODA0056.png,soda,3
HONEY0091.png,honey,1
NUTS0034.png,nuts,3
OIL0076.png,oil,2
CEREAL0100.png,cereal,1
OIL0081.png,oil,2
TEA0191.png,tea,3
RICE0134.png,rice,2
SUGAR0088.png,sugar,3
COFFEE0105.png,coffee,2
CAKE0045.png,cake,2
PASTA0170.png,pasta,2
FISH0079.png,fish,1
SODA0064.png,soda,3
WATER0225.png,water,5
FLOUR0020.png,flour,3
HONEY0171.png,honey,2
PASTA0116.png,pasta,2
PASTA0077.png,pasta,2
JUICE0274.png,juice,1
COFFEE0289.png,coffee,2
RICE0117.png,rice,2
TEA0099.png,tea,1
CHOCOLATE0224.png,chocolate,4
WATER0168.png,water,3
HONEY0050.png,honey,2
CANDY0144.png,candy,5
VINEGAR0066.png,vinegar,3
BEANS0026.png,beans,3
CHIPS0084.png,chips,1
TEA0074.png,tea,2
CHOCOLATE0132.png,chocolate,2
TOMATO_SAUCE0015.png,tomato_sauce,5
CEREAL0153.png,cereal,3
VINEGAR0137.png,vinegar,9
SPICES0167.png,spices,2
CHIPS0034.png,chips,2
TEA0229.png,tea,1
HONEY0070.png,honey,1
FISH0013.png,fish,1
CAKE0049.png,cake,3
FISH0098.png,fish,2
TEA0225.png,tea,1
CHIPS0097.png,chips,3
RICE0030.png,rice,2
CHOCOLATE0263.png,chocolate,2
TOMATO_SAUCE0118.png,tomato_sauce,3
CANDY0210.png,candy,2
JAM0095.png,jam,6
CANDY0013.png,candy,2
TEA0143.png,tea,1
BEANS0059.png,beans,1
HONEY0180.png,honey,1
JUICE0116.png,juice,4
COFFEE0247.png,coffee,2
SPICES0151.png,spices,2
TEA0061.png,tea,1
JUICE0158.png,juice,2
CHOCOLATE0191.png,chocolate,2
CANDY0121.png,candy,1
SODA0129.png,soda,3
JAM0054.png,jam,5
CANDY0305.png,candy,4
RICE0096.png,rice,1
OIL0056.png,oil,2
CANDY0253.png,candy,1
SODA0052.png,soda,3
PASTA0141.png,pasta,2
VINEGAR0143.png,vinegar,3
CANDY0354.png,candy,1
NUTS0132.png,nuts,2
TEA0125.png,tea,3
CANDY0020.png,candy,2
TOMATO_SAUCE0141.png,tomato_sauce,2
FLOUR0091.png,flour,2
RICE0116.png,rice,1
CEREAL0215.png,cereal,2
CHIPS0159.png,chips,3
MILK0090.png,milk,1
JAM0197.png,jam,5
COFFEE0219.png,coffee,3
TEA0048.png,tea,2
CANDY0358.png,candy,2
COFFEE0030.png,coffee,2
CANDY0077.png,candy,1
JAM0075.png,jam,3
CHIPS0095.png,chips,2
COFFEE0287.png,coffee,1
SPICES0162.png,spices,5
CEREAL0224.png,cereal,1
JAM0082.png,jam,1
CANDY0243.png,candy,1
SODA0134.png,soda,3
VINEGAR0055.png,vinegar,3
FLOUR0003.png,flour,2
COFFEE0009.png,coffee,7
JUICE0070.png,juice,4
MILK0141.png,milk,2
JAM0008.png,jam,11
BEANS0043.png,beans,2
MILK0075.png,milk,2
RICE0137.png,rice,1
NUTS0058.png,nuts,2
SPICES0174.png,spices,4
PASTA0057.png,pasta,4
CANDY0073.png,candy,2
CEREAL0181.png,cereal,1
RICE0141.png,rice,1
RICE0126.png,rice,1
COFFEE0112.png,coffee,3
HONEY0147.png,honey,2
TEA0024.png,tea,2
FISH0042.png,fish,3
HONEY0168.png,honey,4
BEANS0009.png,beans,1
CAKE0069.png,cake,1
JUICE0205.png,juice,2
CORN0073.png,corn,3
TEA0109.png,tea,1
OIL0090.png,oil,4
TEA0090.png,tea,2
HONEY0063.png,honey,1
SODA0067.png,soda,3
CHOCOLATE0119.png,chocolate,1
FLOUR0045.png,flour,1
JUICE0262.png,juice,2
SUGAR0086.png,sugar,2
CANDY0351.png,candy,1
FLOUR0087.png,flour,3
CANDY0055.png,candy,1
JAM0078.png,jam,3
MILK0127.png,milk,3
CHOCOLATE0262.png,chocolate,3
FLOUR0041.png,flour,3
CHOCOLATE0202.png,chocolate,2
CORN0030.png,corn,2
COFFEE0265.png,coffee,1
JUICE0224.png,juice,4
CHIPS0024.png,chips,1
SODA0043.png,soda,2
JAM0183.png,jam,2
OIL0002.png,oil,2
SODA0108.png,soda,1
MILK0076.png,milk,2
NUTS0066.png,nuts,2
CAKE0111.png,cake,1
JAM0112.png,jam,5
WATER0117.png,water,2
SODA0051.png,soda,3
SPICES0144.png,spices,4
BEANS0094.png,beans,4
CAKE0157.png,cake,1
RICE0080.png,rice,2
COFFEE0122.png,coffee,3
OIL0048.png,oil,2
COFFEE0129.png,coffee,1
SPICES0058.png,spices,3
TOMATO_SAUCE0098.png,tomato_sauce,2
CANDY0220.png,candy,2
MILK0101.png,milk,1
HONEY0027.png,honey,4
CHIPS0052.png,chips,3
CHOCOLATE0050.png,chocolate,1
SPICES0105.png,spices,1
TEA0041.png,tea,1
PASTA0072.png,pasta,3
BEANS0119.png,beans,2
NUTS0087.png,nuts,2
SPICES0107.png,spices,3
SODA0032.png,soda,3
TOMATO_SAUCE0109.png,tomato_sauce,2
CEREAL0264.png,cereal,1
FISH0076.png,fish,3
SODA0102.png,soda,3
JUICE0136.png,juice,3
COFFEE0146.png,coffee,2
WATER0011.png,water,1
CORN0086.png,corn,1
CHOCOLATE0204.png,chocolate,1
CHOCOLATE0060.png,chocolate,4
TEA0080.png,tea,4
CANDY0141.png,candy,1
CEREAL0269.png,cereal,1
CHOCOLATE0064.png,chocolate,2
WATER0242.png,water,7
CHIPS0087.png,chips,1
CAKE0153.png,cake,2
MILK0010.png,milk,2
MILK0065.png,milk,2
JUICE0140.png,juice,4
CORN0020.png,corn,1
CHIPS0142.png,chips,1
TOMATO_SAUCE0134.png,tomato_sauce,1
CHOCOLATE0038.png,chocolate,2
RICE0110.png,rice,1
TEA0190.png,tea,2
SPICES0133.png,spices,4
SUGAR0029.png,sugar,2
COFFEE0056.png,coffee,4
FISH0000.png,fish,1
JAM0027.png,jam,1
SUGAR0049.png,sugar,2
JAM0229.png,jam,2
TEA0234.png,tea,1
JAM0037.png,jam,5
MILK0157.png,milk,1
SUGAR0046.png,sugar,8
CORN0056.png,corn,2
COFFEE0143.png,coffee,1
CANDY0136.png,candy,1
MILK0000.png,milk,3
OIL0136.png,oil,2
TEA0151.png,tea,7
JUICE0088.png,juice,3
TEA0171.png,tea,2
JUICE0051.png,juice,8
BEANS0044.png,beans,2
TEA0101.png,tea,1
BEANS0129.png,beans,1
VINEGAR0063.png,vinegar,3
RICE0099.png,rice,1
TOMATO_SAUCE0075.png,tomato_sauce,1
TEA0226.png,tea,1
JAM0044.png,jam,4
NUTS0051.png,nuts,2
CAKE0147.png,cake,1
JUICE0046.png,juice,2
COFFEE0005.png,coffee,1
WATER0155.png,water,4
TOMATO_SAUCE0066.png,tomato_sauce,3
SPICES0178.png,spices,5
JUICE0237.png,juice,2
BEANS0101.png,beans,2
CHOCOLATE0041.png,chocolate,1
CEREAL0228.png,cereal,1
TOMATO_SAUCE0153.png,tomato_sauce,4
SPICES0050.png,spices,4
TOMATO_SAUCE0041.png,tomato_sauce,3
BEANS0055.png,beans,2
CEREAL0124.png,cereal,3
CHOCOLATE0150.png,chocolate,1
PASTA0110.png,pasta,2
CHIPS0041.png,chips,1
CHOCOLATE0177.png,chocolate,2
CHOCOLATE0237.png,chocolate,1
CAKE0053.png,cake,2
CAKE0009.png,cake,1
JAM0142.png,jam,3
CANDY0018.png,candy,1
JAM0141.png,jam,5
JUICE0280.png,juice,3
CAKE0133.png,cake,2
COFFEE0138.png,coffee,2
CEREAL0171.png,cereal,2
JAM0126.png,jam,3
JUICE0062.png,juice,6
VINEGAR0087.png,vinegar,3
WATER0108.png,water,1
SPICES0197.png,spices,3
OIL0112.png,oil,3
CHIPS0175.png,chips,1
CEREAL0015.png,cereal,1
SODA0175.png,soda,2
CHOCOLATE0269.png,chocolate,2
RICE0074.png,rice,2
TEA0261.png,tea,2
BEANS0030.png,beans,2
WATER0073.png,water,3
CHIPS0176.png,chips,2
JAM0093.png,jam,3
PASTA0055.png,pasta,2
NUTS0133.png,nuts,1
CHOCOLATE0045.png,chocolate,3
JAM0219.png,jam,3
SUGAR0020.png,sugar,1
FISH0073.png,fish,1
CANDY0182.png,candy,1
JAM0065.png,jam,2
CHOCOLATE0246.png,chocolate,4
TEA0083.png,tea,3
SODA0039.png,soda,3
SPICES0134.png,spices,2
WATER0136.png,water,1
CHOCOLATE0200.png,chocolate,2
TEA0217.png,tea,1
HONEY0019.png,honey,1
COFFEE0104.png,coffee,4
WATER0049.png,water,3
NUTS0050.png,nuts,4
MILK0070.png,milk,1
NUTS0110.png,nuts,1
WATER0017.png,water,3
CHIPS0039.png,chips,2
PASTA0056.png,pasta,3
COFFEE0086.png,coffee,8
TEA0130.png,tea,9
SODA0041.png,soda,2
PASTA0100.png,pasta,3
TEA0216.png,tea,1
HONEY0014.png,honey,1
CANDY0068.png,candy,2
COFFEE0103.png,coffee,4
JAM0119.png,jam,3
MILK0053.png,milk,5
CAKE0037.png,cake,2
SODA0139.png,soda,4
CHOCOLATE0215.png,chocolate,1
FISH0023.png,fish,1
TEA0267.png,tea,3
JUICE0049.png,juice,2
TEA0078.png,tea,1
COFFEE0161.png,coffee,3
JUICE0216.png,juice,2
CHOCOLATE0120.png,chocolate,2
CHOCOLATE0206.png,chocolate,2
COFFEE0239.png,coffee,3
CHOCOLATE0078.png,chocolate,2
SPICES0190.png,spices,2
CHOCOLATE0138.png,chocolate,4
OIL0064.png,oil,1
HONEY0045.png,honey,1
CHIPS0026.png,chips,2
CHOCOLATE0232.png,chocolate,3
COFFEE0017.png,coffee,3
OIL0099.png,oil,3
CEREAL0116.png,cereal,1
NUTS0137.png,nuts,1
CEREAL0202.png,cereal,5
WATER0096.png,water,1
CHOCOLATE0286.png,chocolate,1
SPICES0063.png,spices,3
